l_id,v_id_1,v_id_2,voltage,cables,wires,frequency,length_m,r,x,c,i_th_max
1.0,1.0,2.0,220000.0,3.0,2.0,50.0,43379.0,1.73516,13.88128,498.8585,112.7854
2.0,3.0,4.0,380000.0,6.0,4.0,50.0,72686.0,0.227144,18.1715,995.7982,1511.8688
3.0,5.0,6.0,220000.0,6.0,2.0,50.0,33943.0,0.67886,10.86176,390.3445,176.5036
4.0,7.0,5.0,380000.0,3.0,4.0,50.0,33471.0,0.209194,8.36775,458.5527,348.0984
5.0,8.0,9.0,380000.0,6.0,4.0,50.0,28163.0,0.088009,7.04075,385.8331,585.7904
6.0,10.0,11.0,220000.0,3.0,2.0,50.0,27565.0,1.1026,8.8208,316.9975,71.669
7.0,11.0,12.0,220000.0,3.0,2.0,50.0,45809.0,1.83236,14.65888,526.8035,119.1034
8.0,10.0,12.0,220000.0,3.0,2.0,50.0,68390.0,2.7356,21.8848,786.485,177.814
9.0,13.0,14.0,220000.0,6.0,2.0,50.0,39497.0,0.78994,12.63904,454.2155,205.3844
10.0,13.0,15.0,380000.0,3.0,2.0,50.0,44323.0,0.554038,11.08075,607.2251,230.4796
11.0,16.0,5.0,380000.0,3.0,4.0,50.0,36253.0,0.226581,9.06325,496.6661,377.0312
12.0,17.0,18.0,380000.0,3.0,3.0,50.0,200291.0,1.669092,50.07275,2743.9867,1562.2698
13.0,17.0,12.0,380000.0,3.0,3.0,50.0,24268.0,0.202233,6.067,332.4716,189.2904
14.0,13.0,15.0,380000.0,3.0,2.0,50.0,44371.0,0.554638,11.09275,607.8827,230.7292
15.0,14.0,15.0,220000.0,3.0,2.0,50.0,5432.0,0.226544,1.812352,65.13140000000001,14.72536
16.0,13.0,19.0,220000.0,6.0,2.0,50.0,30996.0,0.61992,9.91872,356.454,161.1792
17.0,20.0,21.0,380000.0,3.0,2.0,50.0,31287.0,0.391088,7.82175,428.6319,162.6924
18.0,20.0,22.0,380000.0,3.0,4.0,50.0,57378.0,0.358613,14.3445,786.0786,596.7312
19.0,20.0,23.0,220000.0,3.0,2.0,50.0,3314.0,0.127216,1.017728,36.5746,8.26904
20.0,23.0,24.0,220000.0,3.0,1.6,50.0,62919.0,3.517608,20.037376000000002,720.0931999999999,129.88326
21.0,25.0,26.0,380000.0,6.0,3.2,50.0,8189.0,0.0760122,2.01745,110.55626,80.28124
22.0,25.0,22.0,380000.0,6.0,4.0,50.0,10108.0,0.0635786,2.54315,139.36462,105.79504
23.0,27.0,28.0,220000.0,6.0,2.4,50.0,23316.0,0.8197040000000001,7.297280000000001,262.246,71.30968
24.0,27.0,23.0,220000.0,6.0,2.4,50.0,19722.0,0.717424,6.349696,228.1922,61.508720000000004
25.0,8.0,21.0,380000.0,6.0,4.0,50.0,28833.0,0.160727,7.1331500000000005,390.89662000000004,355.31808
26.0,9.0,29.0,380000.0,3.6,4.0,50.0,25571.0,0.1359244,6.5232,357.47135999999995,352.66296
27.0,30.0,25.0,380000.0,3.0,3.2,50.0,57641.0,0.5025278,14.360999999999999,786.9828,478.0235199999999
28.0,31.0,32.0,380000.0,3.0,3.0,50.0,129863.0,1.082192,32.46575,1779.1231,1012.9314
29.0,32.0,33.0,380000.0,3.0,3.0,50.0,72614.0,0.605117,18.1535,994.8118,566.3892
30.0,34.0,35.0,220000.0,3.0,2.0,50.0,5845.0,0.2338,1.8704,67.2175,15.197
31.0,35.0,36.0,220000.0,3.0,2.0,50.0,2650.0,0.106,0.848,30.475,6.89
32.0,2.0,6.0,220000.0,3.0,2.0,50.0,74645.0,2.9858,23.8864,858.4175,194.077
33.0,37.0,10.0,380000.0,3.0,3.6,50.0,104169.0,0.6760055999999999,26.9457,1476.62436,1172.42944
34.0,10.0,38.0,380000.0,3.0,4.0,50.0,29669.0,0.1499018,7.481150000000001,409.96701999999993,434.77407999999997
35.0,37.0,38.0,380000.0,6.0,3.0,50.0,124574.0,0.519058,31.1435,1706.6638,1943.3544
36.0,39.0,40.0,380000.0,3.0,3.0,50.0,195877.0,1.632308,48.96925,2683.5149,1527.8406
37.0,40.0,41.0,380000.0,3.0,3.0,50.0,75666.0,0.63055,18.9165,1036.6242,590.1948
38.0,42.0,41.0,380000.0,3.0,3.0,50.0,134922.0,1.12435,33.7305,1848.4314,1052.3916
39.0,18.0,42.0,380000.0,3.0,3.0,50.0,149010.0,1.24175,37.2525,2041.437,1162.278
40.0,10.0,43.0,220000.0,3.0,2.0,50.0,55092.0,2.20368,17.62944,633.558,143.2392
41.0,10.0,43.0,220000.0,3.0,2.0,50.0,55030.0,2.2012,17.6096,632.845,143.078
42.0,44.0,45.0,220000.0,3.0,2.0,50.0,38788.0,1.55152,12.41216,446.062,100.8488
43.0,44.0,46.0,220000.0,3.0,2.0,50.0,9200.0,0.368,2.944,105.8,23.92
44.0,46.0,12.0,380000.0,3.0,4.0,50.0,17010.0,0.106313,4.2525,233.037,176.904
45.0,46.0,12.0,380000.0,3.0,4.0,50.0,17029.0,0.106431,4.25725,233.2973,177.1016
46.0,47.0,48.0,380000.0,3.0,1.0,50.0,7717.0,0.192925,1.92925,105.7229,20.0642
47.0,31.0,33.0,380000.0,3.0,3.0,50.0,58378.0,0.486483,14.5945,799.7786,455.3484
48.0,31.0,49.0,380000.0,6.0,4.0,50.0,40647.0,0.127022,10.16175,556.8639,845.4576
49.0,50.0,51.0,380000.0,3.0,4.0,50.0,120957.0,0.755981,30.23925,1657.1109,1257.9528
50.0,50.0,52.0,380000.0,6.0,3.0,50.0,34145.0,0.142271,8.53625,467.7865,532.662
51.0,50.0,53.0,220000.0,3.0,4.0,50.0,38219.0,0.76438,12.23008,439.5185,198.7388
52.0,50.0,54.0,220000.0,3.0,2.0,50.0,66788.0,2.67152,21.37216,768.062,173.6488
53.0,55.0,50.0,220000.0,3.0,4.0,50.0,14179.0,0.28358,4.53728,163.0585,73.7308
54.0,55.0,56.0,220000.0,3.0,2.0,50.0,21835.0,0.8734,6.9872,251.1025,56.771
55.0,56.0,50.0,220000.0,3.0,2.0,50.0,29944.0,1.0992639999999998,9.785984,351.68379999999996,95.62903999999999
56.0,57.0,58.0,380000.0,3.0,2.0,50.0,56049.0,0.700613,14.01225,767.8713,291.4548
57.0,30.0,59.0,380000.0,3.0,2.0,50.0,90790.0,1.134875,22.6975,1243.823,472.108
58.0,60.0,50.0,220000.0,3.0,2.0,50.0,41529.0,1.66116,13.28928,477.5835,107.9754
59.0,13.0,61.0,380000.0,6.0,4.0,50.0,17438.0,0.054494,4.3595,238.9006,362.7104
60.0,62.0,63.0,380000.0,3.0,3.0,50.0,163671.0,1.2993716,38.98115,2136.16702,1216.2118799999998
61.0,57.0,64.0,380000.0,3.0,4.0,50.0,14983.0,0.09303520000000001,3.7214,203.93272,154.81024
62.0,59.0,64.0,380000.0,3.0,3.4,50.0,37346.0,0.2800434,9.32865,511.21002,329.63163999999995
63.0,65.0,66.0,380000.0,3.0,4.0,50.0,64400.0,0.4025,16.1,882.28,669.76
64.0,67.0,66.0,380000.0,3.0,4.0,50.0,55599.0,0.347494,13.89975,761.7063,578.2296
65.0,68.0,69.0,220000.0,3.0,4.0,50.0,23114.0,0.46228,7.39648,265.811,120.1928
66.0,70.0,71.0,380000.0,3.0,4.0,50.0,51283.0,0.320519,12.82075,702.5771,533.3432
67.0,72.0,73.0,380000.0,3.0,3.0,50.0,54278.0,0.452317,13.5695,743.6086,423.3684
68.0,37.0,74.0,380000.0,3.0,3.0,50.0,118952.0,0.991267,29.738,1629.6424,927.8256
69.0,71.0,74.0,380000.0,3.0,4.0,50.0,38634.0,0.241463,9.6585,529.2858,401.7936
70.0,37.0,71.0,380000.0,3.0,3.0,50.0,156913.0,1.1893483999999999,35.68044999999999,1955.2886600000002,1113.23004
71.0,75.0,76.0,380000.0,3.0,4.0,50.0,54106.0,0.338163,13.5265,741.2522,562.7024
72.0,75.0,76.0,380000.0,3.0,4.0,50.0,54106.0,0.338163,13.5265,741.2522,562.7024
73.0,76.0,49.0,380000.0,3.0,4.0,50.0,41955.0,0.262219,10.48875,574.7835,436.332
74.0,76.0,49.0,380000.0,3.0,4.0,50.0,41955.0,0.262219,10.48875,574.7835,436.332
75.0,72.0,71.0,380000.0,3.0,3.0,50.0,110358.0,0.91965,27.5895,1511.9046,860.7924
76.0,39.0,18.0,380000.0,3.0,3.2,50.0,56436.0,0.43551419999999996,14.142199999999999,774.99256,588.64312
77.0,10.0,45.0,220000.0,3.0,3.0,50.0,70102.0,1.869387,22.43264,806.173,273.3978
78.0,10.0,73.0,380000.0,3.0,3.0,50.0,130670.0,1.088917,32.6675,1790.179,1019.226
79.0,45.0,73.0,220000.0,3.0,1.6,50.0,62038.0,3.480664,19.8896,714.7825,129.28292
80.0,77.0,32.0,380000.0,3.0,4.0,50.0,77738.0,0.485863,19.4345,1065.0106,808.4752
81.0,78.0,79.0,380000.0,3.0,4.0,50.0,22016.0,0.13781400000000002,5.51255,302.08774,229.32208
82.0,78.0,79.0,380000.0,3.0,4.0,50.0,21999.0,0.13781400000000002,5.51255,302.08774,229.32208
83.0,80.0,78.0,380000.0,3.0,4.0,50.0,62180.0,0.3003008,15.64315,857.24462,1037.77648
84.0,80.0,78.0,380000.0,3.0,4.0,50.0,62195.0,0.3003008,15.64315,857.24462,1037.77648
85.0,34.0,81.0,220000.0,3.0,2.0,50.0,2341.0,0.09364,0.74912,26.9215,6.0866
86.0,82.0,83.0,220000.0,3.0,2.0,50.0,13652.0,0.54608,4.36864,156.998,35.4952
87.0,82.0,24.0,220000.0,3.0,1.0,50.0,31608.0,2.52864,10.11456,363.492,41.0904
88.0,84.0,85.0,380000.0,3.0,4.0,50.0,46347.0,0.289669,11.58675,634.9539,482.0088
89.0,86.0,85.0,380000.0,3.0,4.0,50.0,110034.0,0.687713,27.5085,1507.4658,1144.3536
90.0,87.0,85.0,380000.0,3.0,4.0,50.0,69879.0,0.436744,17.46975,957.3423,726.7416
91.0,88.0,85.0,380000.0,3.0,4.0,50.0,1071.0,0.006694,0.26775,14.6727,11.1384
92.0,88.0,85.0,380000.0,3.0,4.0,50.0,1070.0,0.006688,0.2675,14.659,11.128
93.0,85.0,89.0,380000.0,3.0,4.0,50.0,46736.0,0.2921,11.684,640.2832,486.0544
94.0,90.0,85.0,380000.0,3.0,4.0,50.0,74417.0,0.465106,18.60425,1019.5129,773.9368
95.0,85.0,91.0,380000.0,3.0,4.0,50.0,60192.0,0.3762,15.048,824.6304,625.9968
96.0,85.0,92.0,220000.0,3.0,2.0,50.0,1321.0,0.05284,0.42272,15.1915,3.4346
97.0,93.0,63.0,380000.0,3.0,3.8,50.0,110113.0,0.7385113999999999,27.701150000000002,1518.0230199999999,1094.98168
98.0,42.0,94.0,380000.0,3.0,4.0,50.0,35731.0,0.223319,8.93275,489.5147,371.6024
99.0,95.0,96.0,380000.0,3.0,4.0,50.0,94562.0,0.591013,23.6405,1295.4994,983.4448
100.0,42.0,94.0,380000.0,3.0,4.0,50.0,35716.0,0.223225,8.929,489.3092,371.4464
101.0,42.0,97.0,380000.0,3.0,4.0,50.0,47163.0,0.294769,11.79075,646.1331,490.4952
102.0,98.0,42.0,380000.0,3.0,4.0,50.0,71640.0,0.44775,17.91,981.468,745.056
103.0,99.0,86.0,380000.0,3.0,4.0,50.0,40436.0,0.252725,10.109,553.9732,420.5344
104.0,100.0,99.0,380000.0,3.0,4.0,50.0,16660.0,0.104125,4.165,228.242,173.264
105.0,101.0,86.0,380000.0,3.0,4.0,50.0,36585.0,0.228656,9.14625,501.2145,380.484
106.0,102.0,103.0,380000.0,3.0,3.6,50.0,24754.0,0.1482134,6.1739500000000005,338.33245999999997,298.28656
107.0,104.0,103.0,380000.0,3.0,4.0,50.0,14687.0,0.091794,3.67175,201.2119,152.7448
108.0,105.0,102.0,380000.0,3.0,4.0,50.0,17504.0,0.1094,4.376,239.8048,182.0416
109.0,106.0,107.0,380000.0,3.0,4.0,50.0,114074.0,0.712963,28.5185,1562.8138,1186.3696
110.0,86.0,108.0,380000.0,3.0,4.0,50.0,35441.0,0.221506,8.86025,485.5417,368.5864
111.0,109.0,86.0,380000.0,3.0,4.0,50.0,22998.0,0.143738,5.7495,315.0726,239.1792
112.0,86.0,84.0,380000.0,3.0,4.0,50.0,63803.0,0.398769,15.95075,874.1011,663.5512
113.0,106.0,110.0,380000.0,3.0,4.0,50.0,67379.0,0.421119,16.84475,923.0923,700.7416
114.0,111.0,112.0,220000.0,3.0,4.0,50.0,21323.0,0.42646,6.82336,245.2145,110.8796
115.0,113.0,114.0,380000.0,3.0,4.0,50.0,34585.0,0.216156,8.64625,473.8145,359.684
116.0,113.0,115.0,380000.0,3.0,4.0,50.0,44751.0,0.279694,11.18775,613.0887,465.4104
117.0,113.0,116.0,380000.0,3.0,4.0,50.0,68003.0,0.425019,17.00075,931.6411,707.2312
118.0,117.0,118.0,380000.0,3.0,4.0,50.0,12228.0,0.076425,3.057,167.5236,127.1712
119.0,119.0,120.0,380000.0,3.0,4.0,50.0,10620.0,0.066375,2.655,145.494,110.448
120.0,121.0,122.0,380000.0,3.0,4.0,50.0,28540.0,0.178375,7.135,390.998,296.816
121.0,123.0,115.0,380000.0,3.0,4.0,50.0,16766.0,0.104787,4.1915,229.6942,174.3664
122.0,114.0,124.0,380000.0,3.0,4.0,50.0,42726.0,0.267037,10.6815,585.3462,444.3504
123.0,117.0,115.0,380000.0,3.0,4.0,50.0,14743.0,0.092144,3.68575,201.9791,153.3272
124.0,125.0,120.0,220000.0,3.0,2.0,50.0,34374.0,1.224316,10.880704,391.0253,106.05608
125.0,121.0,126.0,380000.0,3.0,4.0,50.0,16932.0,0.105825,4.233,231.9684,176.0928
126.0,121.0,119.0,380000.0,3.0,4.0,50.0,22039.0,0.137744,5.50975,301.9343,229.2056
127.0,127.0,128.0,380000.0,3.0,4.0,50.0,20646.0,0.129037,5.1615,282.8502,214.7184
128.0,129.0,119.0,380000.0,3.0,4.0,50.0,22243.0,0.139019,5.56075,304.7291,231.3272
129.0,113.0,116.0,380000.0,3.0,4.0,50.0,68003.0,0.425019,17.00075,931.6411,707.2312
130.0,113.0,130.0,220000.0,3.0,4.0,50.0,24479.0,0.48958,7.83328,281.5085,127.2908
131.0,131.0,132.0,380000.0,3.0,4.0,50.0,30283.0,0.189269,7.57075,414.8771,314.9432
132.0,121.0,119.0,380000.0,3.0,4.0,50.0,22039.0,0.137744,5.50975,301.9343,229.2056
133.0,119.0,127.0,380000.0,3.0,4.0,50.0,18127.0,0.113294,4.53175,248.3399,188.5208
134.0,113.0,115.0,380000.0,3.0,4.0,50.0,44751.0,0.279694,11.18775,613.0887,465.4104
135.0,113.0,124.0,380000.0,3.0,4.0,50.0,62381.0,0.389881,15.59525,854.6197,648.7624
136.0,133.0,101.0,220000.0,6.0,2.0,50.0,41846.0,0.83692,13.39072,481.229,217.5992
137.0,134.0,86.0,220000.0,3.0,3.0,50.0,13500.0,0.36,4.32,155.25,52.65
138.0,119.0,135.0,380000.0,3.0,4.0,50.0,2925.0,0.0171994,0.7581500000000001,41.54662,43.21408
139.0,136.0,86.0,220000.0,3.0,1.6,50.0,28023.0,1.44262,8.885760000000001,319.332,72.29689999999998
140.0,102.0,137.0,220000.0,3.0,3.2,50.0,18405.0,0.5127400000000001,5.866752,210.8364,76.34588000000001
141.0,138.0,103.0,220000.0,3.0,2.0,50.0,17736.0,0.70944,5.67552,203.964,46.1136
142.0,125.0,119.0,220000.0,3.0,2.0,50.0,30676.0,1.22704,9.81632,352.774,79.7576
143.0,136.0,139.0,220000.0,3.0,2.0,50.0,7062.0,0.28248,2.25984,81.213,18.3612
144.0,138.0,140.0,220000.0,3.0,2.0,50.0,15151.0,0.605272,4.842176,174.01569999999998,39.34268000000001
145.0,136.0,102.0,220000.0,3.0,2.0,50.0,30931.0,1.23724,9.89792,355.7065,80.4206
146.0,141.0,142.0,220000.0,3.0,2.0,50.0,43148.0,1.72592,13.80736,496.202,112.1848
147.0,143.0,103.0,220000.0,3.0,1.0,50.0,37515.0,3.0012,12.0048,431.4225,48.7695
148.0,140.0,103.0,220000.0,3.0,2.0,50.0,12825.0,0.513,4.104,147.4875,33.345
149.0,144.0,103.0,220000.0,3.0,2.0,50.0,22117.0,0.88196,7.05568,253.56350000000003,57.3274
150.0,136.0,137.0,220000.0,3.0,2.0,50.0,12649.0,0.50596,4.04768,145.4635,32.8874
151.0,138.0,103.0,220000.0,3.0,2.0,50.0,21357.0,0.85428,6.83424,245.6055,55.5282
152.0,143.0,103.0,220000.0,3.0,1.0,50.0,37227.0,2.97816,11.91264,428.1105,48.3951
153.0,121.0,119.0,220000.0,3.0,2.0,50.0,23276.0,0.93104,7.44832,267.674,60.5176
154.0,121.0,135.0,220000.0,3.0,2.0,50.0,26600.0,1.064,8.512,305.9,69.16
155.0,121.0,145.0,220000.0,3.0,2.0,50.0,21638.0,0.86552,6.92416,248.837,56.2588
156.0,146.0,147.0,220000.0,3.0,2.0,50.0,20577.0,0.82308,6.58464,236.6355,53.5002
157.0,141.0,121.0,220000.0,3.0,2.0,50.0,4849.0,0.19396,1.55168,55.7635,12.6074
158.0,125.0,148.0,220000.0,3.0,2.0,50.0,19881.0,0.79524,6.36192,228.6315,51.6906
159.0,121.0,135.0,220000.0,3.0,2.0,50.0,26496.0,1.05984,8.47872,304.704,68.8896
160.0,113.0,149.0,220000.0,3.0,2.0,50.0,22081.0,0.88324,7.06592,253.9315,57.4106
161.0,146.0,116.0,220000.0,3.0,2.0,50.0,51114.0,2.04456,16.35648,587.811,132.8964
162.0,122.0,116.0,380000.0,3.0,4.0,50.0,73815.0,0.461344,18.45375,1011.2655,767.676
163.0,125.0,150.0,220000.0,3.0,2.0,50.0,34100.0,1.2084439999999999,10.753727999999999,386.4621,105.02440000000001
164.0,121.0,143.0,220000.0,3.0,1.4,50.0,119387.0,6.808752,38.283519999999996,1375.814,245.29596
165.0,121.0,151.0,220000.0,3.0,1.6,50.0,9874.0,0.558536,3.204096,115.14720000000003,20.8975
166.0,146.0,116.0,220000.0,3.0,2.0,50.0,51114.0,2.04456,16.35648,587.811,132.8964
167.0,126.0,116.0,380000.0,3.0,4.0,50.0,83776.0,0.5236,20.944,1147.7312,871.2704
168.0,121.0,152.0,220000.0,3.0,1.0,50.0,121485.0,9.7188,38.8752,1397.0775,157.9305
169.0,121.0,151.0,220000.0,3.0,1.0,50.0,9874.0,0.78992,3.15968,113.551,12.8362
170.0,113.0,153.0,220000.0,3.0,4.0,50.0,13409.0,0.26818,4.29088,154.2035,69.7268
171.0,113.0,146.0,220000.0,3.0,2.0,50.0,17034.0,0.68136,5.45088,195.891,44.2884
172.0,151.0,147.0,220000.0,3.0,2.2,50.0,11400.0,0.445572,3.6008319999999996,129.4049,38.208299999999994
173.0,151.0,147.0,220000.0,3.0,2.2,50.0,11400.0,0.445572,3.6008319999999996,129.4049,38.208299999999994
174.0,113.0,146.0,220000.0,3.0,2.0,50.0,17065.0,0.6826,5.4608,196.2475,44.369
175.0,154.0,106.0,380000.0,3.0,4.0,50.0,57619.0,0.360119,14.40475,789.3803,599.2376
176.0,115.0,155.0,380000.0,3.0,4.0,50.0,4315.0,0.026969,1.07875,59.1155,44.876
177.0,156.0,58.0,380000.0,3.0,2.0,50.0,31674.0,0.395925,7.9185,433.9338,164.7048
178.0,157.0,158.0,220000.0,3.0,2.0,50.0,32238.0,1.28952,10.31616,370.737,83.8188
179.0,119.0,135.0,380000.0,3.0,4.0,50.0,2721.0,0.017006,0.68025,37.2777,28.2984
180.0,111.0,148.0,220000.0,3.0,4.0,50.0,11477.0,0.22954,3.67264,131.9855,59.6804
181.0,159.0,130.0,220000.0,3.0,2.0,50.0,4813.0,0.19252,1.54016,55.3495,12.5138
182.0,111.0,119.0,220000.0,3.0,2.0,50.0,5730.0,0.226544,1.812352,65.13140000000001,14.72536
183.0,130.0,135.0,220000.0,3.0,2.0,50.0,14452.0,0.57808,4.62464,166.198,37.5752
184.0,159.0,130.0,220000.0,3.0,2.0,50.0,4813.0,0.19252,1.54016,55.3495,12.5138
185.0,130.0,135.0,220000.0,3.0,2.0,50.0,14670.0,0.5868,4.6944,168.705,38.142
186.0,119.0,160.0,380000.0,3.0,4.0,50.0,13156.0,0.082225,3.289,180.2372,136.8224
187.0,108.0,161.0,380000.0,3.0,4.0,50.0,10045.0,0.062781,2.51125,137.6165,104.468
188.0,108.0,162.0,380000.0,3.0,4.0,50.0,34595.0,0.216219,8.64875,473.9515,359.788
189.0,163.0,162.0,380000.0,3.0,4.0,50.0,15207.0,0.095044,3.80175,208.3359,158.1528
190.0,108.0,161.0,380000.0,3.0,4.0,50.0,10019.0,0.062619,2.50475,137.2603,104.1976
191.0,164.0,162.0,220000.0,3.0,2.0,50.0,25175.0,1.007,8.056,289.5125,65.455
192.0,165.0,100.0,380000.0,3.0,4.0,50.0,14743.0,0.092144,3.68575,201.9791,153.3272
193.0,134.0,100.0,220000.0,3.0,2.2,50.0,24437.0,1.082244,7.860352000000001,282.4814,70.17192
194.0,144.0,100.0,220000.0,3.0,2.4,50.0,16157.0,0.578924,5.164224,185.5893,50.61784
195.0,100.0,166.0,220000.0,3.0,2.0,50.0,3433.0,0.13732,1.09856,39.4795,8.9258
196.0,100.0,166.0,220000.0,3.0,2.0,50.0,3427.0,0.13708,1.09664,39.4105,8.9102
197.0,165.0,101.0,380000.0,3.0,4.0,50.0,42403.0,0.265019,10.60075,580.9211,440.9912
198.0,100.0,167.0,220000.0,3.0,2.0,50.0,8909.0,0.35636,2.85088,102.4535,23.1634
199.0,100.0,167.0,220000.0,3.0,2.0,50.0,8838.0,0.356792,2.854336,102.57770000000001,23.19148
200.0,134.0,86.0,380000.0,3.0,4.0,50.0,13256.0,0.08285,3.314,181.6072,137.8624
201.0,144.0,86.0,220000.0,3.0,2.2,50.0,11834.0,0.43442,3.842624,138.0943,37.18936
202.0,134.0,86.0,380000.0,3.0,4.0,50.0,12536.0,0.07835,3.134,171.7432,130.3744
203.0,168.0,169.0,220000.0,3.0,4.0,50.0,16651.0,0.33302,5.32832,191.4865,86.5852
204.0,32.0,170.0,220000.0,3.0,2.0,50.0,65756.0,2.63024,21.04192,756.194,170.9656
205.0,115.0,155.0,380000.0,3.0,4.0,50.0,4315.0,0.026969,1.07875,59.1155,44.876
206.0,101.0,171.0,220000.0,3.0,4.0,50.0,19072.0,0.38144,6.10304,219.328,99.1744
207.0,119.0,172.0,380000.0,3.0,4.0,50.0,30309.0,0.189431,7.57725,415.2333,315.2136
208.0,115.0,155.0,380000.0,3.0,4.0,50.0,4315.0,0.026969,1.07875,59.1155,44.876
209.0,101.0,173.0,220000.0,3.0,2.0,50.0,20117.0,0.80468,6.43744,231.3455,52.3042
210.0,37.0,40.0,380000.0,3.0,4.0,50.0,37603.0,0.235019,9.40075,515.1611,391.0712
211.0,125.0,174.0,220000.0,3.0,2.0,50.0,19857.0,0.79428,6.35424,228.3555,51.6282
212.0,125.0,175.0,220000.0,3.0,2.0,50.0,8599.0,0.34396,2.75168,98.8885,22.3574
213.0,176.0,125.0,220000.0,3.0,2.0,50.0,9099.0,0.36396,2.91168,104.6385,23.6574
214.0,177.0,18.0,220000.0,3.0,2.0,50.0,56416.0,2.25664,18.05312,648.784,146.6816
215.0,177.0,18.0,220000.0,3.0,2.0,50.0,56362.0,2.25448,18.03584,648.163,146.5412
216.0,178.0,179.0,220000.0,3.0,2.0,50.0,62049.0,2.48196,19.85568,713.5635,161.3274
217.0,180.0,178.0,220000.0,3.0,2.0,50.0,26246.0,1.04984,8.39872,301.829,68.2396
218.0,181.0,179.0,220000.0,3.0,2.0,50.0,29603.0,1.18412,9.47296,340.4345,76.9678
219.0,182.0,30.0,380000.0,3.0,4.0,50.0,28675.0,0.179219,7.16875,392.8475,298.22
220.0,182.0,21.0,380000.0,6.0,4.0,50.0,29674.0,0.092731,7.4185,406.5338,617.2192
221.0,182.0,21.0,380000.0,3.0,4.0,50.0,29628.0,0.185175,7.407,405.9036,308.1312
222.0,182.0,30.0,380000.0,3.0,4.0,50.0,28654.0,0.179088,7.1635,392.5598,298.0016
223.0,176.0,169.0,220000.0,3.0,2.0,50.0,5752.0,0.23008,1.84064,66.148,14.9552
224.0,183.0,184.0,220000.0,3.0,2.4,50.0,14090.0,0.5013799999999999,4.464767999999999,160.45260000000002,43.649319999999996
225.0,183.0,169.0,220000.0,3.0,2.0,50.0,21946.0,0.88196,7.05568,253.56350000000003,57.3274
226.0,183.0,185.0,380000.0,3.0,4.0,50.0,9562.0,0.059762,2.3905,130.9994,99.4448
227.0,183.0,186.0,380000.0,3.0,4.0,50.0,15588.0,0.097425,3.897,213.5556,162.1152
228.0,133.0,101.0,220000.0,3.0,2.0,50.0,41843.0,1.67372,13.38976,481.1945,108.7918
229.0,100.0,171.0,220000.0,3.0,2.0,50.0,10353.0,0.41412,3.31296,119.0595,26.9178
230.0,100.0,171.0,220000.0,3.0,2.0,50.0,10342.0,0.41368,3.30944,118.933,26.8892
231.0,169.0,174.0,220000.0,3.0,2.0,50.0,5643.0,0.22572,1.80576,64.8945,14.6718
232.0,184.0,169.0,220000.0,3.0,2.0,50.0,8792.0,0.35168,2.81344,101.108,22.8592
233.0,169.0,187.0,220000.0,3.0,2.0,50.0,4702.0,0.18808,1.50464,54.073,12.2252
234.0,188.0,189.0,380000.0,3.0,3.0,50.0,37253.0,0.310442,9.31325,510.3661,290.5734
235.0,190.0,171.0,220000.0,3.0,2.0,50.0,6769.0,0.27076,2.16608,77.8435,17.5994
236.0,190.0,171.0,220000.0,3.0,2.0,50.0,6525.0,0.261,2.088,75.0375,16.965
237.0,42.0,191.0,220000.0,3.0,2.0,50.0,929.0,0.03716,0.29728,10.6835,2.4154
238.0,42.0,191.0,220000.0,3.0,2.0,50.0,933.0,0.03732,0.29856,10.7295,2.4258
239.0,101.0,185.0,380000.0,3.0,4.0,50.0,18907.0,0.118169,4.72675,259.0259,196.6328
240.0,101.0,186.0,380000.0,3.0,4.0,50.0,12541.0,0.078381,3.13525,171.8117,130.4264
241.0,186.0,192.0,380000.0,3.0,4.0,50.0,643.0,0.004019,0.16075,8.8091,6.6872
242.0,186.0,192.0,380000.0,3.0,4.0,50.0,495.0,0.003094,0.12375,6.7815,5.148
243.0,190.0,193.0,220000.0,3.0,2.0,50.0,6647.0,0.26588,2.12704,76.4405,17.2822
244.0,194.0,193.0,220000.0,3.0,2.0,50.0,7165.0,0.2866,2.2928,82.3975,18.629
245.0,194.0,190.0,220000.0,3.0,2.0,50.0,13873.0,0.55492,4.43936,159.5395,36.0698
246.0,195.0,162.0,220000.0,3.0,1.0,50.0,27322.0,2.18576,8.74304,314.203,35.5186
247.0,130.0,119.0,220000.0,3.0,2.4,50.0,11754.0,0.423404,3.7544959999999996,134.9272,36.47332
248.0,119.0,135.0,380000.0,3.0,4.0,50.0,3039.0,0.0220086,0.8803500000000002,48.24318,36.62256
249.0,196.0,197.0,220000.0,3.0,2.0,50.0,2820.0,0.1128,0.9024,32.43,7.332
250.0,196.0,197.0,220000.0,3.0,2.0,50.0,2820.0,0.1128,0.9024,32.43,7.332
251.0,198.0,85.0,380000.0,3.0,4.0,50.0,772.0,0.004825,0.193,10.5764,8.0288
252.0,84.0,199.0,380000.0,3.0,4.0,50.0,21968.0,0.1373,5.492,300.9616,228.4672
253.0,84.0,199.0,380000.0,3.0,4.0,50.0,21962.0,0.137263,5.4905,300.8794,228.4048
254.0,143.0,200.0,220000.0,3.0,2.0,50.0,22344.0,0.89376,7.15008,256.956,58.0944
255.0,143.0,200.0,220000.0,3.0,2.0,50.0,22347.0,0.89388,7.15104,256.9905,58.1022
256.0,143.0,201.0,220000.0,3.0,1.0,50.0,4507.0,0.36056,1.44224,51.8305,5.8591
257.0,119.0,202.0,380000.0,3.0,4.0,50.0,6700.0,0.041875,1.675,91.79,69.68
258.0,119.0,202.0,380000.0,3.0,4.0,50.0,6646.0,0.041538,1.6615,91.0502,69.1184
259.0,162.0,203.0,220000.0,3.0,2.0,50.0,27915.0,1.1166,8.9328,321.0225,72.579
260.0,162.0,204.0,380000.0,3.0,4.0,50.0,23948.0,0.149675,5.987,328.0876,249.0592
261.0,4.0,90.0,380000.0,3.0,4.0,50.0,79060.0,0.494125,19.765,1083.122,822.224
262.0,4.0,2.0,380000.0,6.0,4.0,50.0,1268.0,0.003962,0.317,17.3716,26.3744
263.0,4.0,2.0,380000.0,3.0,4.0,50.0,1105.0,0.006906,0.27625,15.1385,11.492
264.0,4.0,2.0,380000.0,3.0,4.0,50.0,902.0,0.005815,0.26430000000000003,14.48364,13.632319999999998
265.0,205.0,4.0,380000.0,6.0,4.0,50.0,25995.0,0.081234,6.49875,356.1315,540.696
266.0,148.0,112.0,220000.0,3.0,2.0,50.0,10958.0,0.43832,3.50656,126.017,28.4908
267.0,115.0,160.0,380000.0,3.0,4.0,50.0,20419.0,0.127619,5.10475,279.7403,212.3576
268.0,206.0,3.0,380000.0,5.4,4.0,50.0,1820.0,0.0063596,0.35624999999999996,19.5225,29.132479999999997
269.0,95.0,207.0,380000.0,3.0,4.0,50.0,20242.0,0.126512,5.0605,277.3154,210.5168
270.0,95.0,66.0,380000.0,3.0,4.0,50.0,125438.0,0.783988,31.3595,1718.5006,1304.5552
271.0,208.0,95.0,380000.0,3.0,4.0,50.0,48829.0,0.305181,12.20725,668.9573,507.8216
272.0,66.0,209.0,220000.0,3.0,2.0,50.0,13606.0,0.54424,4.35392,156.469,35.3756
273.0,124.0,66.0,380000.0,3.0,4.0,50.0,123721.0,0.773256,30.93025,1694.9777,1286.6984
274.0,124.0,66.0,380000.0,3.0,4.0,50.0,123741.0,0.773381,30.93525,1695.2517,1286.9064
275.0,66.0,209.0,220000.0,3.0,2.0,50.0,13604.0,0.54416,4.35328,156.446,35.3704
276.0,210.0,66.0,380000.0,3.0,4.0,50.0,111236.0,0.695225,27.809,1523.9332,1156.8544
277.0,210.0,66.0,380000.0,3.0,4.0,50.0,111228.0,0.695175,27.807,1523.8236,1156.7712
278.0,211.0,94.0,380000.0,3.0,4.0,50.0,7386.0,0.046163,1.8465,101.1882,76.8144
279.0,42.0,212.0,220000.0,3.0,2.0,50.0,41567.0,1.66268,13.30144,478.0205,108.0742
280.0,177.0,42.0,220000.0,3.0,2.0,50.0,106706.0,4.26824,34.14592,1227.119,277.4356
281.0,213.0,205.0,380000.0,3.0,4.0,50.0,45635.0,0.285219,11.40875,625.1995,474.604
282.0,213.0,214.0,380000.0,3.0,4.0,50.0,15054.0,0.094088,3.7635,206.2398,156.5616
283.0,213.0,214.0,380000.0,3.0,4.0,50.0,15048.0,0.09405,3.762,206.1576,156.4992
284.0,213.0,205.0,380000.0,3.0,4.0,50.0,45502.0,0.284388,11.3755,623.3774,473.2208
285.0,90.0,91.0,380000.0,3.0,4.0,50.0,61846.0,0.386537,15.4615,847.2902,643.1984
286.0,129.0,113.0,380000.0,3.0,4.0,50.0,12907.0,0.08109620000000001,3.2438500000000006,177.76298000000003,134.94416
287.0,156.0,215.0,380000.0,3.0,2.0,50.0,57405.0,0.717563,14.35125,786.4485,298.506
288.0,156.0,215.0,380000.0,3.0,2.0,50.0,57397.0,0.717463,14.34925,786.3389,298.4644
289.0,34.0,158.0,220000.0,3.0,2.0,50.0,33166.0,1.32664,10.61312,381.409,86.2316
290.0,216.0,215.0,380000.0,6.0,3.8,50.0,27014.0,0.1383494,6.6202,362.78696,356.69816000000003
291.0,34.0,158.0,220000.0,3.0,2.0,50.0,33170.0,1.3268,10.6144,381.455,86.242
292.0,207.0,50.0,380000.0,3.0,3.0,50.0,152121.0,1.1893483999999999,35.68044999999999,1955.2886600000002,1113.23004
293.0,209.0,217.0,220000.0,3.0,2.0,50.0,73715.0,2.9541239999999998,23.508608,844.8406000000001,246.88871999999998
294.0,218.0,209.0,220000.0,3.0,1.6,50.0,28876.0,1.383144,9.265279999999999,332.971,67.96842
295.0,219.0,218.0,220000.0,3.0,1.6,50.0,63540.0,3.517608,20.037376000000002,720.0932,129.88326
296.0,218.0,217.0,220000.0,3.0,2.2,50.0,46981.0,1.675008,14.852224000000001,533.7518,180.89994
297.0,220.0,6.0,220000.0,3.0,1.0,50.0,48552.0,3.88416,15.53664,558.348,63.1176
298.0,7.0,3.0,380000.0,3.0,4.0,50.0,53906.0,0.336913,13.4765,738.5122,560.6224
299.0,210.0,221.0,380000.0,3.0,4.0,50.0,114876.0,0.717975,28.719,1573.8012,1194.7104
300.0,222.0,223.0,220000.0,3.0,2.0,50.0,15950.0,0.63484,5.07872,182.5165,41.264599999999994
301.0,221.0,224.0,380000.0,3.0,4.0,50.0,46926.0,0.293288,11.7315,642.8862,488.0304
302.0,225.0,51.0,380000.0,6.0,4.0,50.0,83098.0,0.259681,20.7745,1138.4426,1728.4384
303.0,226.0,227.0,220000.0,3.0,2.2,50.0,19756.0,0.8695600000000001,6.350528,228.2221,56.91139999999999
304.0,228.0,229.0,220000.0,3.0,2.2,50.0,69709.0,2.3153213999999998,22.303296,801.5246999999999,236.57556
305.0,230.0,231.0,220000.0,3.0,2.2,50.0,86251.0,3.524052,25.828992,928.2293999999999,232.15452
306.0,221.0,224.0,380000.0,3.0,4.0,50.0,47002.0,0.293763,11.7505,643.9274,488.8208
307.0,227.0,221.0,380000.0,3.0,4.0,50.0,16697.0,0.104356,4.17425,228.7489,173.6488
308.0,232.0,233.0,220000.0,3.0,2.0,50.0,39816.0,1.59264,12.74112,457.884,103.5216
309.0,234.0,235.0,220000.0,3.0,1.8,50.0,967.0,0.042792000000000004,0.302208,10.8606,2.2924200000000003
310.0,208.0,96.0,380000.0,3.0,4.0,50.0,45951.0,0.287194,11.48775,629.5287,477.8904
311.0,96.0,236.0,220000.0,3.0,2.0,50.0,26324.0,1.05296,8.42368,302.726,68.4424
312.0,233.0,96.0,220000.0,3.0,2.0,50.0,22939.0,0.91756,7.34048,263.7985,59.6414
313.0,68.0,237.0,220000.0,3.0,2.2,50.0,25192.0,1.10574,8.04832,289.23650000000004,71.69915999999999
314.0,238.0,239.0,380000.0,3.0,4.0,50.0,56958.0,0.355988,14.2395,780.3246,592.3632
315.0,67.0,238.0,380000.0,3.0,4.0,50.0,18918.0,0.118237,4.7295,259.1766,196.7472
316.0,67.0,238.0,380000.0,3.0,4.0,50.0,44132.0,0.275825,11.033,604.6084,458.9728
317.0,65.0,68.0,220000.0,3.6,2.0,50.0,34375.0,1.224316,10.880704,391.02529999999996,106.05608
318.0,65.0,68.0,220000.0,3.0,2.0,50.0,34375.0,1.224316,10.880704,391.02529999999996,106.05608
319.0,65.0,240.0,380000.0,3.0,4.0,50.0,20861.0,0.130381,5.21525,285.7957,216.9544
320.0,240.0,241.0,380000.0,3.0,4.0,50.0,4447.0,0.027794,1.11175,60.9239,46.2488
321.0,65.0,241.0,380000.0,3.0,4.0,50.0,23705.0,0.148156,5.92625,324.7585,246.532
322.0,226.0,242.0,220000.0,3.0,4.0,50.0,73168.0,1.46336,23.41376,841.432,380.4736
323.0,242.0,221.0,380000.0,3.0,4.0,50.0,73219.0,0.457619,18.30475,1003.1003,761.4776
324.0,243.0,204.0,380000.0,3.0,4.0,50.0,5866.0,0.036663,1.4665,80.3642,61.0064
325.0,108.0,204.0,380000.0,3.0,4.0,50.0,10617.0,0.066356,2.65425,145.4529,110.4168
326.0,164.0,162.0,220000.0,3.0,2.0,50.0,25186.0,1.00744,8.05952,289.639,65.4836
327.0,162.0,244.0,380000.0,3.0,4.0,50.0,1221.0,0.007631,0.30525,16.7277,12.6984
328.0,106.0,245.0,380000.0,3.0,4.0,50.0,1378.0,0.008613,0.3445,18.8786,14.3312
329.0,66.0,246.0,220000.0,3.0,1.6,50.0,64096.0,3.5807279999999997,20.542336,738.2402,133.98606
330.0,124.0,247.0,220000.0,3.0,2.0,50.0,73358.0,2.9541239999999998,23.508608,844.8406000000001,246.88871999999998
331.0,232.0,236.0,220000.0,3.0,2.0,50.0,50099.0,2.00396,16.03168,576.1385,130.2574
332.0,248.0,233.0,220000.0,3.0,1.0,50.0,59101.0,4.72808,18.91232,679.6615,76.8313
333.0,66.0,209.0,220000.0,3.0,2.0,50.0,13164.0,0.52656,4.21248,151.386,34.2264
334.0,66.0,209.0,220000.0,3.0,2.0,50.0,13157.0,0.52628,4.21024,151.3055,34.2082
335.0,66.0,219.0,220000.0,3.0,4.0,50.0,66405.0,1.3281,21.2496,763.6575,345.306
336.0,249.0,250.0,220000.0,3.0,2.0,50.0,15315.0,0.6126,4.9008,176.1225,39.819
337.0,251.0,189.0,380000.0,3.0,3.8,50.0,33840.0,0.19684680000000002,8.442950000000002,462.67366000000004,386.73752
338.0,251.0,252.0,380000.0,3.0,4.0,50.0,45638.0,0.2852328,11.4093,625.2296399999999,474.62687999999997
339.0,253.0,254.0,380000.0,6.0,4.0,50.0,78450.0,0.245156,19.6125,1074.765,1631.76
340.0,90.0,255.0,220000.0,3.0,2.0,50.0,21123.0,0.84492,6.75936,242.9145,54.9198
341.0,14.0,256.0,220000.0,3.0,2.0,50.0,51446.0,2.09308,15.980480000000004,574.2985000000001,193.37084
342.0,112.0,257.0,220000.0,3.0,2.0,50.0,3267.0,0.13068,1.04544,37.5705,8.4942
343.0,112.0,257.0,220000.0,3.0,2.0,50.0,2955.0,0.1182,0.9456,33.9825,7.683
344.0,107.0,110.0,380000.0,3.0,4.0,50.0,50450.0,0.315313,12.6125,691.165,524.68
345.0,76.0,107.0,380000.0,3.0,4.0,50.0,33318.0,0.208237,8.3295,456.4566,346.5072
346.0,76.0,107.0,380000.0,3.0,4.0,50.0,33322.0,0.208263,8.3305,456.5114,346.5488
347.0,258.0,116.0,220000.0,3.0,2.0,50.0,15774.0,0.63096,5.04768,181.401,41.0124
348.0,259.0,260.0,220000.0,3.0,2.0,50.0,1562.0,0.06248,0.49984,17.963,4.0612
349.0,35.0,36.0,220000.0,3.0,2.0,50.0,2641.0,0.10564,0.84512,30.3715,6.8666
350.0,261.0,262.0,220000.0,3.0,1.6,50.0,39544.0,1.7302519999999997,12.621376,453.5807,112.99366
351.0,261.0,263.0,220000.0,3.0,1.8,50.0,35433.0,1.554588,11.140351999999998,400.3564,98.48670000000001
352.0,124.0,264.0,220000.0,3.0,2.0,50.0,5234.0,0.20936,1.67488,60.191,13.6084
353.0,124.0,265.0,380000.0,3.0,4.0,50.0,16953.0,0.105956,4.23825,232.2561,176.3112
354.0,34.0,266.0,220000.0,3.0,1.0,50.0,627.0,0.05016,0.20064,7.2105,0.8151
355.0,34.0,35.0,220000.0,3.0,2.0,50.0,5844.0,0.23376,1.87008,67.206,15.1944
356.0,37.0,40.0,380000.0,3.0,3.0,50.0,37592.0,0.313267,9.398,515.0104,293.2176
357.0,20.0,22.0,380000.0,3.0,4.0,50.0,57421.0,0.358881,14.35525,786.6677,597.1784
358.0,20.0,21.0,380000.0,3.0,2.0,50.0,31281.0,0.391012,7.82025,428.5497,162.6612
359.0,37.0,267.0,220000.0,3.0,2.0,50.0,20287.0,0.81148,6.49184,233.3005,52.7462
360.0,37.0,267.0,220000.0,3.0,2.0,50.0,20290.0,0.8116,6.4928,233.335,52.754
361.0,37.0,42.0,220000.0,3.0,2.0,50.0,194536.0,7.78144,62.25152,2237.164,505.7936
362.0,37.0,42.0,220000.0,3.0,2.0,50.0,194590.0,7.7836,62.2688,2237.785,505.934
363.0,180.0,178.0,220000.0,3.0,2.0,50.0,26213.0,1.04852,8.38816,301.4495,68.1538
364.0,268.0,269.0,380000.0,3.0,4.0,50.0,83081.0,0.519256,20.77025,1138.2097,864.0424
365.0,268.0,269.0,380000.0,3.0,4.0,50.0,83072.0,0.5192,20.768,1138.0864,863.9488
366.0,268.0,270.0,220000.0,3.0,3.0,50.0,98494.0,2.626507,31.51808,1132.681,384.1266
367.0,268.0,271.0,220000.0,3.0,2.4,50.0,51665.0,2.09308,15.980480000000004,574.2985000000001,193.37084
368.0,234.0,235.0,220000.0,3.0,1.8,50.0,964.0,0.042792000000000004,0.302208,10.8606,2.2924200000000003
369.0,271.0,270.0,220000.0,3.0,2.0,50.0,67675.0,2.707,21.656,778.2625,175.955
370.0,268.0,77.0,380000.0,3.0,3.6,50.0,103556.0,0.6760056,26.9457,1476.6243599999998,1172.42944
371.0,268.0,270.0,380000.0,3.0,4.0,50.0,61545.0,0.29578699999999997,15.4626,847.3504799999998,1030.2656
372.0,77.0,270.0,380000.0,3.0,3.8,50.0,45898.0,0.30718059999999997,11.50835,630.6575799999999,454.44672
373.0,272.0,273.0,380000.0,3.0,4.0,50.0,13388.0,0.083675,3.347,183.4156,139.2352
374.0,274.0,158.0,220000.0,3.0,1.0,50.0,55571.0,4.44568,17.78272,639.0665,72.2423
375.0,274.0,158.0,220000.0,3.0,1.0,50.0,55571.0,4.44568,17.78272,639.0665,72.2423
376.0,259.0,158.0,220000.0,3.0,2.0,50.0,57109.0,2.28436,18.27488,656.7535,148.4834
377.0,259.0,158.0,220000.0,3.0,2.0,50.0,57123.0,2.28492,18.27936,656.9145,148.5198
378.0,249.0,275.0,220000.0,3.0,2.0,50.0,32534.0,1.30136,10.41088,374.141,84.5884
379.0,249.0,275.0,220000.0,3.0,2.0,50.0,32535.0,1.3014,10.4112,374.1525,84.591
380.0,90.0,91.0,220000.0,3.0,2.0,50.0,61576.0,2.46304,19.70432,708.124,160.0976
381.0,255.0,91.0,220000.0,3.0,4.0,50.0,18365.0,0.3673,5.8768,211.1975,95.498
382.0,255.0,91.0,220000.0,3.0,4.0,50.0,18365.0,0.3673,5.8768,211.1975,95.498
383.0,91.0,276.0,220000.0,3.0,1.6,50.0,10449.0,0.582744,3.343872,120.1704,21.814259999999997
384.0,60.0,277.0,220000.0,3.0,2.0,50.0,28872.0,1.15488,9.23904,332.028,75.0672
385.0,278.0,91.0,220000.0,3.0,1.0,50.0,13105.0,1.0484,4.1936,150.7075,17.0365
386.0,8.0,98.0,380000.0,3.0,4.0,50.0,87218.0,0.545112,21.8045,1194.8866,907.0672
387.0,8.0,97.0,380000.0,3.0,4.0,50.0,111167.0,0.694794,27.79175,1522.9879,1156.1368
388.0,79.0,279.0,380000.0,3.0,3.8,50.0,46125.0,0.30718059999999997,11.50835,630.6575799999999,454.44672
389.0,79.0,279.0,380000.0,3.0,3.8,50.0,46116.0,0.30718059999999997,11.50835,630.6575799999999,454.44672
390.0,280.0,281.0,220000.0,3.0,2.4,50.0,48682.0,2.216412,15.480256,556.3217,201.77274
391.0,267.0,282.0,220000.0,3.0,1.0,50.0,26902.0,2.15216,8.60864,309.373,34.9726
392.0,267.0,282.0,220000.0,3.0,1.0,50.0,26897.0,2.15176,8.60704,309.3155,34.9661
393.0,37.0,73.0,380000.0,3.0,3.0,50.0,207919.0,1.732658,51.97975,2848.4903,1621.7682
394.0,37.0,73.0,380000.0,3.0,3.0,50.0,207971.0,1.733092,51.99275,2849.2027,1622.1738
395.0,77.0,283.0,220000.0,3.0,2.0,50.0,16091.0,0.64364,5.14912,185.0465,41.8366
396.0,77.0,283.0,220000.0,3.0,2.0,50.0,16123.0,0.64492,5.15936,185.4145,41.9198
397.0,77.0,284.0,380000.0,3.0,3.0,50.0,50416.0,0.420133,12.604,690.6992,393.2448
398.0,77.0,284.0,380000.0,3.0,3.0,50.0,50381.0,0.419842,12.59525,690.2197,392.9718
399.0,195.0,243.0,220000.0,3.0,2.0,50.0,2349.0,0.09396,0.75168,27.0135,6.1074
400.0,5.0,285.0,220000.0,3.0,1.0,50.0,10721.0,0.85768,3.43072,123.2915,13.9373
401.0,1.0,2.0,220000.0,3.0,2.0,50.0,43375.0,1.735,13.88,498.8125,112.775
402.0,4.0,286.0,380000.0,3.0,4.0,50.0,1387.0,0.008669,0.34675,19.0019,14.4248
403.0,4.0,286.0,380000.0,3.0,4.0,50.0,1117.0,0.006981,0.27925,15.3029,11.6168
404.0,2.0,287.0,220000.0,3.0,2.0,50.0,76504.0,3.06016,24.48128,879.796,198.9104
405.0,3.0,4.0,380000.0,3.0,4.0,50.0,72681.0,0.454256,18.17025,995.7297,755.8824
406.0,5.0,288.0,220000.0,3.0,2.0,50.0,16052.0,0.64208,5.13664,184.598,41.7352
407.0,5.0,289.0,220000.0,3.0,2.0,50.0,6656.0,0.26624,2.12992,76.544,17.3056
408.0,288.0,290.0,220000.0,3.0,2.0,50.0,30700.0,1.228,9.824,353.05,79.82
409.0,59.0,158.0,220000.0,3.0,2.0,50.0,35150.0,1.406,11.248,404.225,91.39
410.0,5.0,6.0,220000.0,3.0,2.0,50.0,33882.0,1.35528,10.84224,389.643,88.0932
411.0,113.0,119.0,380000.0,3.0,4.0,50.0,33863.0,0.211644,8.46575,463.9231,352.1752
412.0,70.0,73.0,380000.0,3.0,3.0,50.0,169144.0,1.409533,42.286,2317.2728,1319.3232
413.0,73.0,269.0,380000.0,3.6,4.0,50.0,89080.0,0.7201562000000001,22.07245,1209.57026,917.17496
414.0,73.0,269.0,380000.0,3.6,4.0,50.0,89092.0,0.7201562000000001,22.07245,1209.57026,917.17496
415.0,90.0,255.0,220000.0,3.0,2.0,50.0,21136.0,0.84544,6.76352,243.064,54.9536
416.0,291.0,90.0,220000.0,3.0,2.0,50.0,32823.0,1.31292,10.50336,377.4645,85.3398
417.0,16.0,5.0,380000.0,3.0,3.8,50.0,36248.0,0.24036780000000002,9.0146,494.00007999999997,356.28372
418.0,5.0,292.0,380000.0,3.0,4.0,50.0,9354.0,0.058463,2.3385,128.1498,97.2816
419.0,5.0,29.0,380000.0,3.0,4.0,50.0,85874.0,0.536713,21.4685,1176.4738,893.0896
420.0,5.0,29.0,380000.0,3.0,4.0,50.0,85878.0,0.536737,21.4695,1176.5286,893.1312
421.0,9.0,29.0,380000.0,3.0,4.0,50.0,25563.0,0.159769,6.39075,350.2131,265.8552
422.0,37.0,282.0,220000.0,6.0,2.0,50.0,45800.0,0.916,14.656,526.7,238.16
423.0,293.0,294.0,380000.0,6.0,4.0,50.0,56513.0,0.176603,14.12825,774.2281,1175.4704
424.0,49.0,293.0,380000.0,6.0,4.0,50.0,29729.0,0.092903,7.43225,407.2873,618.3632
425.0,241.0,295.0,380000.0,6.0,4.0,50.0,89118.0,0.278494,22.2795,1220.9166,1853.6544
426.0,31.0,295.0,380000.0,6.0,4.0,50.0,50472.0,0.157725,12.618,691.4664,1049.8176
427.0,49.0,273.0,380000.0,6.0,4.0,50.0,72645.0,0.227016,18.16125,995.2365,1511.016
428.0,296.0,297.0,380000.0,3.0,4.0,50.0,254.0,0.0018363999999999998,0.07344999999999999,4.02506,3.05552
429.0,298.0,297.0,380000.0,3.0,3.0,50.0,16813.0,0.140108,4.20325,230.3381,131.1414
430.0,298.0,252.0,380000.0,6.0,3.8,50.0,29602.0,0.161473,7.44975,408.24629999999996,418.04724
431.0,299.0,300.0,380000.0,3.0,3.6,50.0,92439.0,0.7310114000000001,22.50665,1233.36442,935.2376799999998
432.0,298.0,301.0,380000.0,3.0,3.4,50.0,7010.0,0.0718328,1.7157499999999999,94.0231,59.33668
433.0,298.0,302.0,380000.0,3.0,3.0,50.0,46732.0,0.389433,11.683,640.2284,364.5096
434.0,303.0,302.0,380000.0,3.0,4.0,50.0,55310.0,0.345688,13.8275,757.747,575.224
435.0,299.0,302.0,380000.0,3.0,3.6,50.0,101395.0,0.6551731999999999,26.1124,1430.9595199999999,1137.7641600000002
436.0,298.0,252.0,380000.0,6.0,3.8,50.0,29602.0,0.161473,7.44975,408.24629999999996,418.04724
437.0,304.0,271.0,380000.0,6.0,3.6,50.0,19833.0,0.14249240000000002,5.02885,275.58098,188.26963999999998
438.0,271.0,269.0,380000.0,6.0,3.0,50.0,84472.0,0.351967,21.118,1157.2664,1317.7632
439.0,304.0,32.0,380000.0,6.0,3.0,50.0,104687.0,0.436196,26.17175,1434.2119,1633.1172
440.0,13.0,305.0,380000.0,6.0,4.0,50.0,50049.0,0.156403,12.51225,685.6713,1041.0192
441.0,306.0,307.0,380000.0,3.0,4.0,50.0,35191.0,0.219944,8.79775,482.1167,365.9864
442.0,305.0,306.0,380000.0,3.0,4.0,50.0,51635.0,0.322719,12.90875,707.3995,537.004
443.0,242.0,308.0,220000.0,3.0,4.0,50.0,81783.0,1.63566,26.17056,940.5045,425.2716
444.0,242.0,308.0,380000.0,3.0,4.0,50.0,81803.0,0.511269,20.45075,1120.7011,850.7512
445.0,305.0,309.0,380000.0,6.0,4.0,50.0,1017.0,0.003178,0.25425,13.9329,21.1536
446.0,305.0,307.0,380000.0,3.0,4.0,50.0,30843.0,0.192769,7.71075,422.5491,320.7672
447.0,310.0,230.0,220000.0,3.0,2.0,50.0,123643.0,4.94572,39.56576,1421.8945,321.4718
448.0,310.0,210.0,380000.0,3.0,2.0,50.0,123150.0,1.539375,30.7875,1687.155,640.38
449.0,311.0,227.0,380000.0,3.0,3.0,50.0,24464.0,0.1465398,6.040050000000001,330.99474000000004,287.14608
450.0,312.0,311.0,380000.0,3.0,3.0,50.0,36007.0,0.300058,9.00175,493.2959,280.8546
451.0,225.0,50.0,380000.0,3.0,4.0,50.0,203804.0,1.273775,50.951,2792.1148,2119.5616
452.0,313.0,314.0,220000.0,3.0,4.0,50.0,18421.0,0.36842,5.89472,211.8415,95.7892
453.0,268.0,315.0,220000.0,3.0,1.6,50.0,30268.0,1.708616,9.745791999999998,350.23940000000005,63.24682
454.0,268.0,62.0,380000.0,3.0,3.0,50.0,81694.0,0.680783,20.4235,1119.2078,637.2132
455.0,316.0,279.0,380000.0,3.0,3.0,50.0,56706.0,0.47255,14.1765,776.8722,442.3068
456.0,268.0,317.0,380000.0,3.0,3.0,50.0,85425.0,0.711875,21.35625,1170.3225,666.315
457.0,317.0,318.0,380000.0,3.0,3.0,50.0,47804.0,0.398367,11.951,654.9148,372.8712
458.0,268.0,318.0,380000.0,3.0,3.0,50.0,37540.0,0.312833,9.385,514.298,292.812
459.0,281.0,319.0,220000.0,3.0,2.4,50.0,11577.0,0.380132,3.7634560000000006,135.2492,42.317080000000004
460.0,320.0,281.0,220000.0,3.0,1.0,50.0,77820.0,6.2256,24.9024,894.93,101.166
461.0,320.0,319.0,220000.0,3.0,1.0,50.0,74234.0,5.93872,23.75488,853.691,96.5042
462.0,281.0,321.0,220000.0,3.0,2.0,50.0,42444.0,1.3565440000000002,13.541631999999998,486.65240000000006,153.72656
463.0,280.0,321.0,220000.0,3.0,2.2,50.0,86212.0,3.524052,25.828992,928.2293999999999,232.15452
464.0,322.0,77.0,380000.0,3.0,3.0,50.0,56075.0,0.467292,14.01875,768.2275,437.385
465.0,323.0,299.0,380000.0,3.0,4.0,50.0,49559.0,0.309744,12.38975,678.9583,515.4136
466.0,322.0,323.0,380000.0,3.0,4.0,50.0,43347.0,0.270919,10.83675,593.8539,450.8088
467.0,322.0,324.0,380000.0,3.0,2.0,50.0,49456.0,0.6182,12.364,677.5472,257.1712
468.0,63.0,324.0,380000.0,3.0,2.0,50.0,88445.0,1.105563,22.11125,1211.6965,459.914
469.0,280.0,325.0,380000.0,6.0,4.0,50.0,63598.0,0.198744,15.8995,871.2926,1322.8384
470.0,326.0,63.0,380000.0,3.0,2.0,50.0,43477.0,0.543462,10.86925,595.6349,226.0804
471.0,280.0,326.0,380000.0,3.0,2.0,50.0,112737.0,1.409212,28.18425,1544.4969,586.2324
472.0,65.0,67.0,380000.0,3.0,3.8,50.0,47108.0,0.3126706,11.72795,642.69166,463.58207999999996
473.0,65.0,327.0,220000.0,3.0,2.0,50.0,52848.0,2.5879360000000005,17.146944,616.2183,124.87046000000001
474.0,316.0,279.0,380000.0,3.0,3.0,50.0,56706.0,0.47255,14.1765,776.8722,442.3068
475.0,317.0,279.0,380000.0,3.0,3.8,50.0,36468.0,0.24036780000000002,9.0146,494.00007999999997,356.28372
476.0,328.0,271.0,220000.0,6.0,2.0,50.0,27915.0,0.5583,8.9328,321.0225,145.158
477.0,329.0,271.0,220000.0,3.0,1.0,50.0,26927.0,2.15416,8.61664,309.6605,35.0051
478.0,329.0,170.0,220000.0,3.0,1.4,50.0,131762.0,6.808752,38.283519999999996,1375.814,245.29596
479.0,271.0,170.0,220000.0,3.0,1.0,50.0,158686.0,12.69488,50.77952,1824.889,206.2918
480.0,330.0,284.0,380000.0,6.0,3.0,50.0,8071.0,0.033629,2.01775,110.5727,125.9076
481.0,328.0,271.0,220000.0,3.6,1.6,50.0,27915.0,1.44018,8.866240000000001,318.6305,72.1383
482.0,268.0,331.0,220000.0,3.0,2.0,50.0,18307.0,0.73228,5.85824,210.5305,47.5982
483.0,270.0,332.0,220000.0,6.0,2.0,50.0,32217.0,1.30324,10.42592,374.6815,84.7106
484.0,32.0,170.0,220000.0,3.0,2.0,50.0,65759.0,2.63036,21.04288,756.2285,170.9734
485.0,71.0,32.0,380000.0,3.0,4.0,50.0,78038.0,0.487737,19.5095,1069.1206,811.5952
486.0,71.0,32.0,380000.0,3.0,4.0,50.0,78034.0,0.487713,19.5085,1069.0658,811.5536
487.0,333.0,47.0,380000.0,6.0,4.0,50.0,6543.0,0.0405566,1.62225,88.89930000000001,67.4856
488.0,46.0,47.0,380000.0,6.0,3.8,50.0,5192.0,0.029383199999999998,1.2511,68.56028,56.77464
489.0,333.0,334.0,380000.0,6.0,4.0,50.0,4175.0,0.026851400000000004,1.0740500000000002,58.85794,44.68048
490.0,335.0,320.0,220000.0,6.0,1.0,50.0,45232.0,1.80928,14.47424,520.168,117.6032
491.0,335.0,336.0,220000.0,6.0,1.0,50.0,73862.0,2.95448,23.63584,849.413,192.0412
492.0,326.0,336.0,220000.0,3.0,2.0,50.0,62842.0,2.51368,20.10944,722.683,163.3892
493.0,335.0,337.0,220000.0,3.0,2.0,50.0,24279.0,1.082244,7.860352000000001,282.4814,70.17192
494.0,326.0,324.0,220000.0,3.0,1.0,50.0,131429.0,10.51432,42.05728,1511.4335,170.8577
495.0,14.0,338.0,220000.0,3.0,2.0,50.0,32775.0,1.311,10.488,376.9125,85.215
496.0,338.0,339.0,220000.0,3.0,2.0,50.0,39745.0,1.5898,12.7184,457.0675,103.337
497.0,15.0,339.0,380000.0,3.0,2.0,50.0,76225.0,0.952812,19.05625,1044.2825,396.37
498.0,340.0,15.0,380000.0,3.0,4.0,50.0,17705.0,0.110656,4.42625,242.5585,184.132
499.0,340.0,15.0,380000.0,3.0,4.0,50.0,17629.0,0.110181,4.40725,241.5173,183.3416
500.0,15.0,325.0,380000.0,9.0,4.0,50.0,61235.0,0.127573,15.30875,838.9195,1910.532
501.0,226.0,221.0,380000.0,3.0,4.0,50.0,161.0,0.0012926,0.0517,2.8331600000000003,2.15072
502.0,306.0,226.0,220000.0,3.0,1.6,50.0,59714.0,3.3676160000000004,19.254399999999997,691.9549999999999,125.21548
503.0,229.0,314.0,220000.0,6.0,2.0,50.0,72347.0,2.9242359999999996,23.269504,836.2478000000001,244.94600000000005
504.0,314.0,277.0,220000.0,6.0,4.0,50.0,48816.0,0.48816,15.62112,561.384,507.6864
505.0,341.0,96.0,220000.0,6.0,2.4,50.0,23056.0,0.8197040000000001,7.297280000000001,262.246,71.30968
506.0,342.0,341.0,220000.0,3.0,2.0,50.0,2552.0,0.106488,0.851904,30.6153,6.9217200000000005
507.0,343.0,342.0,220000.0,3.0,1.4,50.0,10361.0,0.653144,3.274816,117.6887,18.684640000000005
508.0,342.0,344.0,220000.0,3.0,1.6,50.0,28063.0,1.44018,8.866240000000001,318.6305,72.1383
509.0,345.0,346.0,380000.0,6.0,4.0,50.0,40228.0,0.125713,10.057,551.1236,836.7424
510.0,346.0,347.0,220000.0,3.0,2.0,50.0,20195.0,0.8078,6.4624,232.2425,52.507
511.0,229.0,348.0,220000.0,6.0,2.4,50.0,22565.0,0.810144,7.2208,259.4975,70.68828
512.0,164.0,349.0,220000.0,6.0,2.0,50.0,1864.0,0.03728,0.59648,21.436,9.6928
513.0,121.0,350.0,220000.0,6.0,2.0,50.0,3618.0,0.127216,1.017728,36.574600000000004,8.26904
514.0,351.0,352.0,380000.0,5.4,4.0,50.0,1445.0,0.0062028,0.3437,18.83476,28.08832
515.0,252.0,353.0,380000.0,3.0,3.0,50.0,56618.0,0.471817,14.1545,775.6666,441.6204
516.0,52.0,54.0,380000.0,3.0,4.0,50.0,22305.0,0.137814,5.51255,302.08773999999994,229.32208
517.0,354.0,353.0,380000.0,3.0,3.0,50.0,21650.0,0.180417,5.4125,296.605,168.87
518.0,225.0,355.0,380000.0,3.0,3.4,50.0,6905.0,0.07180900000000001,1.7147999999999999,93.97104,59.297160000000005
519.0,225.0,355.0,380000.0,3.0,3.4,50.0,6927.0,0.07180900000000001,1.7147999999999999,93.97104,59.297160000000005
520.0,30.0,356.0,380000.0,3.0,2.0,50.0,32522.0,0.406525,8.1305,445.5514,169.1144
521.0,59.0,356.0,380000.0,3.0,2.0,50.0,58735.0,0.734187,14.68375,804.6695,305.422
522.0,248.0,357.0,220000.0,6.0,2.0,50.0,1300.0,0.026,0.416,14.95,6.76
523.0,248.0,358.0,220000.0,3.0,2.0,50.0,481.0,0.01924,0.15392,5.5315,1.2506
524.0,248.0,359.0,220000.0,3.0,2.0,50.0,1123.0,0.04492,0.35936,12.9145,2.9198
525.0,95.0,346.0,380000.0,6.0,4.0,50.0,23317.0,0.072866,5.82925,319.4429,484.9936
526.0,342.0,96.0,220000.0,6.0,2.0,50.0,20457.0,0.8152560000000001,6.522048000000001,234.3861,52.991640000000004
527.0,342.0,341.0,220000.0,3.0,2.0,50.0,2552.0,0.106488,0.851904,30.6153,6.9217200000000005
528.0,322.0,77.0,380000.0,3.0,3.0,50.0,56065.0,0.467208,14.01625,768.0905,437.307
529.0,326.0,360.0,220000.0,3.0,1.6,50.0,35887.0,2.080088,11.857216,426.1187,76.90696
530.0,203.0,361.0,220000.0,3.0,2.0,50.0,3523.0,0.127216,1.017728,36.574600000000004,8.26904
531.0,55.0,362.0,220000.0,3.0,2.0,50.0,2681.0,0.10724,0.85792,30.8315,6.9706
532.0,205.0,363.0,380000.0,3.0,4.0,50.0,5847.0,0.036544,1.46175,80.1039,60.8088
533.0,364.0,365.0,380000.0,3.0,3.0,50.0,19652.0,0.163767,4.913,269.2324,153.2856
534.0,365.0,366.0,380000.0,3.0,3.0,50.0,13380.0,0.1115,3.345,183.306,104.364
535.0,312.0,366.0,380000.0,3.0,3.0,50.0,20599.0,0.171658,5.14975,282.2063,160.6722
536.0,367.0,290.0,220000.0,3.0,2.0,50.0,26528.0,1.06112,8.48896,305.072,68.9728
537.0,298.0,368.0,220000.0,3.0,2.0,50.0,27260.0,1.0904,8.7232,313.49,70.876
538.0,369.0,370.0,220000.0,3.0,1.6,50.0,5191.0,0.286688,1.622272,58.3004,10.45408
539.0,371.0,369.0,220000.0,3.0,2.0,50.0,90748.0,3.62992,29.03936,1043.602,235.9448
540.0,241.0,372.0,380000.0,3.0,3.0,50.0,29655.0,0.247125,7.41375,406.2735,231.309
541.0,241.0,299.0,380000.0,3.0,3.0,50.0,115780.0,0.9053283999999999,28.59375,1566.9375,1010.3984800000001
542.0,372.0,299.0,380000.0,3.0,3.4,50.0,86559.0,0.6872,21.642000000000003,1185.9816,763.9033999999999
543.0,369.0,299.0,380000.0,4.8,4.0,50.0,2009.0,0.0094548,0.44835,24.569580000000002,30.3264
544.0,369.0,299.0,380000.0,3.0,4.0,50.0,2717.0,0.016981,0.67925,37.2229,28.2568
545.0,246.0,219.0,220000.0,3.0,1.0,50.0,46959.0,3.75672,15.02688,540.0285,61.0467
546.0,214.0,75.0,380000.0,6.0,4.0,50.0,32022.0,0.100069,8.0055,438.7014,666.0576
547.0,214.0,373.0,220000.0,3.0,2.0,50.0,12009.0,0.48036,3.84288,138.1035,31.2234
548.0,374.0,373.0,220000.0,3.0,1.0,50.0,40639.0,3.25112,13.00448,467.3485,52.8307
549.0,214.0,374.0,220000.0,3.6,1.8,50.0,31848.0,1.5463840000000002,10.34816,371.887,75.86071999999999
550.0,375.0,374.0,220000.0,6.0,2.0,50.0,11098.0,0.22196,3.55136,127.627,57.7096
551.0,376.0,372.0,220000.0,6.0,2.2,50.0,46719.0,1.675008,14.852224000000001,533.7518,180.89994
552.0,322.0,377.0,380000.0,3.0,4.0,50.0,81072.0,0.5067,20.268,1110.6864,843.1488
553.0,371.0,322.0,380000.0,3.0,4.0,50.0,102607.0,0.641294,25.65175,1405.7159,1067.1128
554.0,371.0,377.0,380000.0,3.0,4.0,50.0,27503.0,0.171894,6.87575,376.7911,286.0312
555.0,378.0,372.0,220000.0,6.0,1.0,50.0,28905.0,1.1562,9.2496,332.4075,75.153
556.0,371.0,376.0,220000.0,6.0,1.0,50.0,114917.0,4.59668,36.77344,1321.5455,298.7842
557.0,140.0,379.0,220000.0,3.0,1.8,50.0,647.0,0.026872,0.19705599999999998,7.0817000000000005,1.79894
558.0,16.0,380.0,380000.0,3.0,3.8,50.0,26177.0,0.1359244,6.5232,357.47136,352.66296
559.0,380.0,381.0,380000.0,3.0,3.8,50.0,5531.0,0.032297000000000006,1.36765,74.94722,61.62311999999999
560.0,37.0,380.0,380000.0,3.0,3.4,50.0,48738.0,0.35757900000000004,12.28485,673.2097799999999,538.85936
561.0,37.0,380.0,380000.0,3.0,3.4,50.0,48758.0,0.35757900000000004,12.28485,673.2097799999999,538.85936
562.0,382.0,227.0,380000.0,3.0,4.0,50.0,41042.0,0.20597959999999996,10.261050000000001,562.3055400000001,595.0796799999999
563.0,383.0,303.0,380000.0,3.0,3.8,50.0,20318.0,0.13680640000000005,5.128950000000001,281.06646,202.65283999999997
564.0,253.0,384.0,380000.0,3.0,3.8,50.0,18314.0,0.10676699999999999,4.5646,250.14007999999998,208.22776
565.0,385.0,224.0,380000.0,3.0,4.0,50.0,2192.0,0.0111222,0.5150500000000001,28.224740000000004,33.101119999999995
566.0,386.0,273.0,380000.0,3.0,4.0,50.0,50615.0,0.316344,12.65375,693.4255,526.396
567.0,386.0,241.0,380000.0,3.0,4.0,50.0,19665.0,0.122906,4.91625,269.4105,204.516
568.0,25.0,387.0,380000.0,6.0,2.0,50.0,50874.0,0.317963,12.7185,696.9738,529.0896
569.0,80.0,73.0,380000.0,3.0,3.2,50.0,43423.0,0.3822562,10.900250000000002,597.3337,362.1384
570.0,80.0,73.0,380000.0,3.0,3.2,50.0,43440.0,0.3822562,10.900250000000002,597.3337,362.1384
571.0,269.0,79.0,380000.0,3.0,3.6,50.0,94056.0,0.7310114000000001,22.50665,1233.3644199999999,935.2376799999998
572.0,269.0,79.0,380000.0,3.0,3.6,50.0,94068.0,0.7310114000000001,22.50665,1233.3644199999999,935.2376799999998
573.0,80.0,269.0,380000.0,3.0,3.6,50.0,121638.0,0.9194897999999998,30.6221,1678.0910800000001,1145.8033599999999
574.0,80.0,269.0,380000.0,3.0,3.6,50.0,121608.0,0.9194897999999998,30.6221,1678.0910800000001,1145.8033599999999
575.0,322.0,324.0,220000.0,3.0,2.6,50.0,49216.0,1.8739800000000002,15.746176000000002,565.8782,216.14267999999998
576.0,388.0,252.0,220000.0,3.0,1.6,50.0,9513.0,0.45720799999999995,3.0254079999999997,108.72559999999999,22.012900000000002
577.0,214.0,374.0,220000.0,3.0,2.0,50.0,32787.0,1.310664,10.485312,376.81590000000006,85.19316
578.0,214.0,389.0,220000.0,6.0,1.8,50.0,1688.0,0.06412000000000001,0.504192,18.1194,5.2949
579.0,389.0,374.0,220000.0,3.0,2.0,50.0,33114.0,1.315752,10.526016,378.27869999999996,85.52388
580.0,390.0,24.0,220000.0,3.0,1.0,50.0,24702.0,1.97616,7.90464,284.073,32.1126
581.0,82.0,390.0,220000.0,3.0,1.0,50.0,19436.0,1.55488,6.21952,223.514,25.2668
582.0,22.0,391.0,220000.0,3.0,2.6,50.0,18353.0,0.7349120000000001,5.87392,211.09399999999997,62.05029999999999
583.0,95.0,236.0,220000.0,3.0,2.0,50.0,70909.0,2.83636,22.69088,815.4535,184.3634
584.0,348.0,225.0,220000.0,6.0,2.0,50.0,8808.0,0.350488,2.803904,100.7653,22.78172
585.0,392.0,348.0,380000.0,3.0,4.0,50.0,22980.0,0.1298008,5.77495,316.46726,288.73728
586.0,392.0,393.0,220000.0,3.0,1.8,50.0,10791.0,0.46915199999999996,3.422208,122.9856,30.788939999999997
587.0,392.0,393.0,380000.0,3.0,4.0,50.0,9656.0,0.05983000000000001,2.3931999999999998,131.14736,99.55712
588.0,394.0,225.0,380000.0,4.8,4.0,50.0,27501.0,0.1566306,6.9693,381.91764,348.50192000000004
589.0,188.0,348.0,380000.0,3.0,3.6,50.0,82181.0,0.5822716,20.567600000000002,1127.1044800000002,770.64624
590.0,228.0,395.0,220000.0,3.0,1.8,50.0,12240.0,0.489704,3.917632,140.7899,31.830759999999998
591.0,229.0,395.0,220000.0,3.0,1.6,50.0,77251.0,4.25584,24.315264,873.8298000000001,158.02748
592.0,396.0,397.0,450000.0,3.0,3.2,0.0,266556.0,1.608185,50.793099999999995,2783.46188,1690.7228000000002
593.0,229.0,392.0,220000.0,3.0,2.0,50.0,878.0,0.03336,0.289088,10.389100000000001,2.70972
594.0,210.0,252.0,380000.0,3.0,4.0,50.0,12774.0,0.07979499999999999,3.1917999999999997,174.91064,132.77888000000002
595.0,398.0,252.0,380000.0,3.0,4.0,50.0,30516.0,0.1708844,7.5786,415.30728,377.10608
596.0,398.0,312.0,380000.0,3.0,3.6,50.0,38236.0,0.26818020000000004,9.475,519.2300000000001,355.09136
597.0,399.0,224.0,380000.0,12.0,4.0,50.0,1871.0,0.002923,0.46775,25.6327,77.8336
598.0,214.0,400.0,220000.0,3.0,2.0,50.0,38676.0,1.7089959999999997,12.410432,445.9999000000001,110.61517999999998
599.0,23.0,401.0,220000.0,6.0,2.4,50.0,48412.0,2.2164119999999996,15.480256,556.3217,201.77274
600.0,371.0,336.0,220000.0,3.6,1.6,50.0,39322.0,1.882304,12.573888,451.8741,92.06938
601.0,298.0,303.0,220000.0,3.0,1.8,50.0,104746.0,4.968029400000001,34.0704,1224.405,270.84434
602.0,398.0,312.0,380000.0,3.0,3.6,50.0,38323.0,0.26818020000000004,9.475,519.2299999999999,355.09136
603.0,402.0,54.0,220000.0,3.0,2.0,50.0,9616.0,0.38464,3.07712,110.584,25.0016
604.0,398.0,252.0,380000.0,3.0,4.0,50.0,30516.0,0.1708844,7.5786,415.30728,377.10608
605.0,210.0,252.0,380000.0,3.0,4.0,50.0,12774.0,0.07979499999999999,3.1917999999999997,174.91064,132.77888000000002
606.0,371.0,336.0,220000.0,3.0,1.6,50.0,39322.0,1.882304,12.573888,451.8741,92.06938
607.0,28.0,403.0,220000.0,3.0,1.8,50.0,4549.0,0.225528,1.5157760000000002,54.473200000000006,11.14386
608.0,30.0,28.0,220000.0,6.0,2.4,50.0,11530.0,0.370772,3.6885760000000003,132.5582,41.70868
609.0,28.0,404.0,220000.0,3.0,2.0,50.0,7031.0,0.27940000000000004,2.2352000000000003,80.32749999999999,18.161
610.0,404.0,403.0,220000.0,3.0,2.0,50.0,3107.0,0.116344,0.930752,33.4489,7.56236
611.0,394.0,348.0,380000.0,3.0,4.0,50.0,23540.0,0.131932,5.8602,321.13896,292.28368
612.0,405.0,348.0,380000.0,3.0,3.4,50.0,48409.0,0.3852522,12.14055,665.30214,428.75455999999997
613.0,281.0,406.0,220000.0,3.0,1.6,50.0,36610.0,2.080088,11.857215999999998,426.1187,76.90696
614.0,281.0,406.0,220000.0,3.0,1.6,50.0,36533.0,2.080088,11.857215999999998,426.1187,76.90696
615.0,407.0,406.0,220000.0,3.0,2.2,50.0,24409.0,1.082244,7.860352000000001,282.4814,70.17192
616.0,407.0,406.0,220000.0,3.0,2.2,50.0,24482.0,1.082244,7.860352000000001,282.4814,70.17192
617.0,6.0,290.0,220000.0,3.0,2.4,50.0,14726.0,0.535796,4.740095999999999,170.3472,45.88636
618.0,215.0,408.0,300000.0,3.0,2.6,0.0,189551.0,4.1198196000000005,55.108414,2550.18818,1144.72124
619.0,215.0,409.0,300000.0,3.0,2.6,0.0,189505.0,4.1198196000000005,55.108414,2550.18818,1144.72124
620.0,310.0,392.0,220000.0,3.6,1.8,50.0,112455.0,5.2311894,36.17568,1300.0635000000002,287.94974
621.0,310.0,392.0,380000.0,3.0,3.6,50.0,113434.0,0.84611,28.207549999999998,1545.7737399999999,1056.1876
622.0,24.0,261.0,220000.0,3.0,1.0,50.0,63310.0,5.0648,20.2592,728.065,82.303
623.0,218.0,223.0,220000.0,6.0,1.8,50.0,12509.0,0.48970400000000003,3.9176320000000002,140.7899,31.830760000000005
624.0,410.0,54.0,220000.0,3.0,2.0,50.0,37257.0,1.9517639999999996,12.053631999999999,433.17740000000003,98.37672
625.0,410.0,300.0,380000.0,3.0,4.0,50.0,45271.0,0.28323780000000004,11.3295,620.8565999999998,471.3072
626.0,411.0,54.0,220000.0,5.4,2.0,50.0,3086.0,0.116344,0.930752,33.4489,7.56236
627.0,275.0,294.0,220000.0,6.0,2.0,50.0,46045.0,0.9209,14.7344,529.5175,239.434
628.0,412.0,50.0,220000.0,6.0,2.0,50.0,2842.0,0.11133599999999999,0.8906879999999999,32.009100000000004,7.236840000000001
629.0,214.0,154.0,380000.0,3.0,4.0,50.0,26549.0,0.165931,6.63725,363.7213,276.1096
630.0,288.0,234.0,220000.0,6.0,2.0,50.0,3637.0,0.127216,1.017728,36.574600000000004,8.26904
631.0,288.0,413.0,220000.0,6.0,2.0,50.0,2421.0,0.09138399999999999,0.7907200000000001,28.416500000000003,7.39388
632.0,268.0,331.0,220000.0,3.0,2.0,50.0,18210.0,0.7284,5.8272,209.415,47.346
633.0,287.0,414.0,220000.0,3.0,1.0,50.0,38821.0,3.10568,12.42272,446.4415,50.4673
634.0,268.0,315.0,380000.0,3.0,4.0,50.0,30264.0,0.1708844,7.5786,415.30728,377.10607999999996
635.0,50.0,51.0,380000.0,3.0,4.0,50.0,120873.0,0.755456,30.21825,1655.9601,1257.0792
636.0,248.0,358.0,220000.0,3.0,2.0,50.0,484.0,0.01936,0.15488,5.566,1.2584
637.0,248.0,359.0,220000.0,3.0,2.0,50.0,1110.0,0.0444,0.3552,12.765,2.886
638.0,50.0,415.0,380000.0,3.0,4.0,50.0,802.0,0.005013,0.2005,10.9874,8.3408
639.0,268.0,62.0,380000.0,3.0,3.0,50.0,81702.0,0.68085,20.4255,1119.3174,637.2756
640.0,58.0,157.0,380000.0,3.0,4.0,50.0,207.0,0.0018363999999999998,0.07344999999999999,4.025060000000001,3.05552
641.0,58.0,157.0,380000.0,3.0,4.0,50.0,177.0,0.0012926,0.0517,2.83316,2.15072
642.0,156.0,158.0,220000.0,3.0,2.4,50.0,143.0,0.007896,0.072896,2.6197000000000004,0.75036
643.0,156.0,158.0,220000.0,3.0,2.4,50.0,113.0,0.007896,0.072896,2.6197000000000004,0.7503599999999999
644.0,16.0,380.0,380000.0,3.0,4.0,50.0,26176.0,0.1636,6.544,358.6112,272.2304
645.0,24.0,261.0,220000.0,3.0,1.0,50.0,63307.0,5.06456,20.25824,728.0305,82.2991
646.0,115.0,418.0,380000.0,3.0,4.0,50.0,20673.0,0.129206,5.16825,283.2201,214.9992
647.0,416.0,418.0,380000.0,3.0,4.0,50.0,3765.0,0.023531,0.94125,51.5805,39.156
648.0,417.0,418.0,380000.0,3.0,4.0,50.0,34211.0,0.213819,8.55275,468.6907,355.7944
649.0,419.0,421.0,220000.0,6.0,2.0,50.0,42194.0,0.84388,13.50208,485.231,219.4088
650.0,420.0,421.0,220000.0,6.0,2.0,50.0,694.0,0.01388,0.22208,7.981,3.6088
651.0,19.0,421.0,220000.0,6.0,2.0,50.0,71413.0,1.42826,22.85216,821.2495,371.3476
652.0,45.0,422.0,220000.0,3.0,2.0,50.0,38755.0,1.5502,12.4016,445.6825,100.763
653.0,44.0,422.0,220000.0,3.0,2.0,50.0,111.0,0.00444,0.03552,1.2765,0.2886
654.0,46.0,422.0,220000.0,3.0,2.0,50.0,9091.0,0.36364,2.90912,104.5465,23.6366
655.0,225.0,424.0,380000.0,3.0,4.0,50.0,67448.0,0.42155,16.862,924.0376,701.4592
656.0,189.0,424.0,380000.0,3.0,4.0,50.0,55454.0,0.346588,13.8635,759.7198,576.7216
657.0,423.0,424.0,380000.0,3.0,4.0,50.0,16231.0,0.101444,4.05775,222.3647,168.8024
658.0,277.0,426.0,220000.0,3.0,4.0,50.0,47453.0,0.94906,15.18496,545.7095,246.7556
659.0,425.0,426.0,220000.0,3.0,4.0,50.0,304.0,0.00608,0.09728,3.496,1.5808
660.0,50.0,426.0,220000.0,3.0,4.0,50.0,19936.0,0.39872,6.37952,229.264,103.6672
661.0,391.0,427.0,220000.0,6.0,1.0,50.0,12335.0,0.4934,3.9472,141.8525,32.071
662.0,26.0,427.0,220000.0,6.0,1.0,50.0,9587.0,0.38348,3.06784,110.2505,24.9262
663.0,23.0,427.0,220000.0,6.0,1.0,50.0,39330.0,1.5732,12.5856,452.295,102.258
664.0,203.0,428.0,220000.0,3.0,2.0,50.0,42126.0,1.3451920000000002,13.450816,483.3887,152.98868
665.0,91.0,428.0,220000.0,3.0,1.8,50.0,41204.0,1.8171199999999998,13.275136,477.07520000000005,119.05426
666.0,85.0,428.0,220000.0,3.0,1.8,50.0,35339.0,1.554588,11.140351999999998,400.3564,98.48670000000001
667.0,131.0,429.0,380000.0,3.0,4.0,50.0,28631.0,0.178944,7.15775,392.2447,297.7624
668.0,105.0,429.0,380000.0,3.0,4.0,50.0,8884.0,0.055525,2.221,121.7108,92.3936
669.0,108.0,429.0,380000.0,3.0,4.0,50.0,15771.0,0.098569,3.94275,216.0627,164.0184
670.0,109.0,430.0,380000.0,3.0,4.0,50.0,11486.0,0.071788,2.8715,157.3582,119.4544
671.0,128.0,430.0,380000.0,3.0,4.0,50.0,39210.0,0.245063,9.8025,537.177,407.784
672.0,103.0,430.0,380000.0,3.0,4.0,50.0,129.0,0.000806,0.03225,1.7673,1.3416
673.0,431.0,432.0,380000.0,3.0,4.0,50.0,455.0,0.002844,0.11375,6.2335,4.732
674.0,108.0,432.0,380000.0,3.0,4.0,50.0,16266.0,0.101662,4.0665,222.8442,169.1664
675.0,105.0,432.0,380000.0,3.0,4.0,50.0,8291.0,0.051819,2.07275,113.5867,86.2264
676.0,120.0,433.0,380000.0,3.0,4.0,50.0,376.0,0.00235,0.094,5.1512,3.9104
677.0,121.0,433.0,380000.0,3.0,4.0,50.0,35531.0,0.222069,8.88275,486.7747,369.5224
678.0,127.0,433.0,380000.0,3.0,4.0,50.0,226.0,0.001413,0.0565,3.0962,2.3504
679.0,434.0,435.0,380000.0,3.0,4.0,50.0,13640.0,0.08525,3.41,186.868,141.856
680.0,172.0,435.0,380000.0,3.0,4.0,50.0,16533.0,0.103331,4.13325,226.5021,171.9432
681.0,183.0,435.0,380000.0,3.0,4.0,50.0,23236.0,0.145225,5.809,318.3332,241.6544
682.0,140.0,436.0,220000.0,3.0,2.4,50.0,11605.0,0.380132,3.763456,135.2492,42.31708
683.0,136.0,436.0,220000.0,3.0,1.8,50.0,10574.0,0.46915199999999996,3.422208,122.9856,30.788940000000004
684.0,86.0,436.0,220000.0,3.0,2.4,50.0,17383.0,0.626964,5.548544,199.40079999999998,53.74044
685.0,162.0,437.0,220000.0,3.0,2.0,50.0,76723.0,3.06892,24.55136,882.3145,199.4798
686.0,137.0,437.0,220000.0,3.0,2.0,50.0,12092.0,0.48368,3.86944,139.058,31.4392
687.0,431.0,437.0,220000.0,3.0,2.0,50.0,140.0,0.0056,0.0448,1.61,0.364
688.0,102.0,439.0,220000.0,3.0,1.6,50.0,5295.0,0.30084,1.7354880000000001,62.3691,11.37396
689.0,140.0,439.0,220000.0,3.0,2.0,50.0,6850.0,0.27608,2.20864,79.37299999999999,17.945200000000003
690.0,438.0,439.0,220000.0,3.0,1.6,50.0,1686.0,0.07792800000000001,0.49702399999999997,17.861800000000002,4.25178
691.0,195.0,441.0,220000.0,3.0,1.0,50.0,9879.0,0.79032,3.16128,113.6085,12.8427
692.0,136.0,441.0,220000.0,3.0,1.0,50.0,7666.0,0.61328,2.45312,88.159,9.9658
693.0,440.0,441.0,220000.0,3.0,1.0,50.0,1719.0,0.13752,0.55008,19.7685,2.2347
694.0,440.0,441.0,220000.0,3.0,1.6,50.0,1719.0,0.077928,0.497024,17.8618,4.25178
695.0,162.0,441.0,220000.0,3.0,1.6,50.0,29538.0,1.4235599999999997,9.426943999999999,338.78080000000006,68.62518
696.0,136.0,441.0,220000.0,3.0,1.8,50.0,7656.0,0.373464,2.497088,89.7391,18.295679999999997
697.0,183.0,442.0,220000.0,3.0,2.4,50.0,21120.0,0.758684,6.751808,242.6431,65.94640000000001
698.0,150.0,442.0,220000.0,3.0,2.4,50.0,22758.0,0.819704,7.297280000000001,262.246,71.30968
699.0,175.0,442.0,220000.0,3.0,2.0,50.0,3463.0,0.127216,1.017728,36.5746,8.26904
700.0,443.0,444.0,220000.0,3.0,2.0,50.0,100.0,0.004,0.032,1.15,0.26
701.0,147.0,444.0,220000.0,3.0,2.0,50.0,12128.0,0.48512,3.88096,139.472,31.5328
702.0,146.0,444.0,220000.0,3.0,2.0,50.0,8449.0,0.33796,2.70368,97.1635,21.9674
703.0,106.0,445.0,380000.0,3.0,4.0,50.0,14875.0,0.092969,3.71875,203.7875,154.7
704.0,87.0,445.0,380000.0,3.0,4.0,50.0,42332.0,0.264575,10.583,579.9484,440.2528
705.0,162.0,445.0,380000.0,3.0,4.0,50.0,12433.0,0.077706,3.10825,170.3321,129.3032
706.0,446.0,447.0,220000.0,3.0,2.0,50.0,797.0,0.03188,0.25504,9.1655,2.0722
707.0,287.0,447.0,220000.0,3.0,2.0,50.0,33866.0,1.35464,10.83712,389.459,88.0516
708.0,2.0,447.0,220000.0,3.0,2.0,50.0,42719.0,1.70876,13.67008,491.2685,111.0694
709.0,255.0,449.0,220000.0,3.0,1.0,50.0,28123.0,2.24984,8.99936,323.4145,36.5599
710.0,448.0,449.0,220000.0,3.0,1.0,50.0,1188.0,0.09504,0.38016,13.662,1.5444
711.0,154.0,449.0,220000.0,3.0,1.0,50.0,18477.0,1.47816,5.91264,212.4855,24.0201
712.0,231.0,450.0,220000.0,3.0,1.8,50.0,7273.0,0.34790400000000005,2.2926080000000004,82.39059999999999,16.634279999999997
713.0,66.0,450.0,220000.0,3.0,2.0,50.0,20700.0,0.8271519999999999,6.617215999999999,237.80620000000005,53.764880000000005
714.0,68.0,450.0,220000.0,3.0,2.0,50.0,37803.0,1.951764,12.053632000000002,433.17740000000003,98.37672
715.0,231.0,450.0,220000.0,3.0,2.0,50.0,7273.0,0.29092,2.32736,83.6395,18.9098
716.0,66.0,450.0,220000.0,3.0,2.0,50.0,20558.0,0.82232,6.57856,236.417,53.4508
717.0,68.0,450.0,220000.0,3.0,2.0,50.0,37803.0,1.51212,12.09696,434.7345,98.2878
718.0,215.0,452.0,380000.0,3.0,4.0,50.0,13170.0,0.082313,3.2925,180.429,136.968
719.0,451.0,452.0,380000.0,3.0,4.0,50.0,60.0,0.000375,0.015,0.822,0.624
720.0,89.0,452.0,380000.0,3.0,4.0,50.0,38131.0,0.238319,9.53275,522.3947,396.5624
721.0,132.0,453.0,380000.0,3.0,4.0,50.0,4089.0,0.025556,1.02225,56.0193,42.5256
722.0,106.0,453.0,380000.0,3.0,4.0,50.0,1127.0,0.007044,0.28175,15.4399,11.7208
723.0,245.0,453.0,380000.0,3.0,4.0,50.0,243.0,0.001519,0.06075,3.3291,2.5272
724.0,220.0,455.0,220000.0,3.0,1.0,50.0,13340.0,1.0672,4.2688,153.41,17.342
725.0,454.0,455.0,220000.0,3.0,1.0,50.0,5244.0,0.41952,1.67808,60.306,6.8172
726.0,250.0,455.0,220000.0,3.0,1.0,50.0,30649.0,2.45192,9.80768,352.4635,39.8437
727.0,250.0,455.0,220000.0,3.0,1.0,50.0,30650.0,2.452,9.808,352.475,39.845
728.0,454.0,455.0,220000.0,3.0,1.0,50.0,5244.0,0.41952,1.67808,60.306,6.8172
729.0,6.0,455.0,220000.0,3.0,1.0,50.0,61001.0,4.88008,19.52032,701.5115,79.3013
730.0,254.0,457.0,220000.0,3.0,1.4,50.0,132611.0,6.808752,38.283519999999996,1375.814,245.29596
731.0,310.0,457.0,220000.0,3.0,2.4,50.0,148.0,0.004960000000000001,0.049408,1.7756,0.55952
732.0,456.0,457.0,220000.0,3.0,2.4,50.0,127.0,0.004960000000000001,0.049408,1.7756,0.55952
733.0,292.0,458.0,380000.0,3.0,4.0,50.0,76460.0,0.477875,19.115,1047.502,795.184
734.0,3.0,458.0,380000.0,3.0,4.0,50.0,1614.0,0.010088,0.4035,22.1118,16.7856
735.0,206.0,458.0,380000.0,3.0,4.0,50.0,856.0,0.00535,0.214,11.7272,8.9024
736.0,459.0,460.0,220000.0,3.0,2.0,50.0,8555.0,0.3422,2.7376,98.3825,22.243
737.0,283.0,460.0,220000.0,3.0,2.0,50.0,793.0,0.03172,0.25376,9.1195,2.0618
738.0,77.0,460.0,220000.0,3.0,2.0,50.0,15448.0,0.61792,4.94336,177.652,40.1648
739.0,290.0,461.0,220000.0,3.0,2.0,50.0,29267.0,1.17068,9.36544,336.5705,76.0942
740.0,289.0,461.0,220000.0,3.0,2.0,50.0,8464.0,0.33856,2.70848,97.336,22.0064
741.0,288.0,461.0,220000.0,3.0,2.0,50.0,1433.0,0.05732,0.45856,16.4795,3.7258
742.0,306.0,463.0,380000.0,3.0,4.0,50.0,50233.0,0.313956,12.55825,688.1921,522.4232
743.0,462.0,463.0,380000.0,3.0,4.0,50.0,43.0,0.000269,0.01075,0.5891,0.4472
744.0,242.0,463.0,380000.0,3.0,4.0,50.0,30408.0,0.19005,7.602,416.5896,316.2432
745.0,464.0,466.0,220000.0,3.0,2.0,50.0,42986.0,1.71944,13.75552,494.339,111.7636
746.0,306.0,466.0,220000.0,3.0,2.0,50.0,37574.0,1.50296,12.02368,432.101,97.6924
747.0,465.0,466.0,220000.0,3.0,2.0,50.0,117.0,0.00468,0.03744,1.3455,0.3042
748.0,467.0,469.0,380000.0,6.0,3.0,50.0,4547.0,0.018946,1.13675,62.2939,70.9332
749.0,268.0,469.0,380000.0,6.0,3.0,50.0,26181.0,0.109088,6.54525,358.6797,408.4236
750.0,468.0,469.0,380000.0,6.0,3.0,50.0,17635.0,0.073479,4.40875,241.5995,275.106
751.0,410.0,470.0,380000.0,3.0,2.8,50.0,31831.0,0.29726,7.9171,433.85708000000005,296.66104
752.0,54.0,470.0,380000.0,3.0,3.2,50.0,7598.0,0.0732822,1.90825,104.5721,75.73852000000001
753.0,402.0,470.0,380000.0,3.0,4.0,50.0,2205.0,0.011133399999999998,0.5155000000000001,28.2494,33.119839999999996
754.0,471.0,472.0,380000.0,6.0,4.0,50.0,261.0,0.001284,0.05135000000000001,2.81398,2.1361600000000003
755.0,3.0,472.0,380000.0,6.0,3.8,50.0,29051.0,0.1754558,7.2672,398.24256,348.73124
756.0,294.0,472.0,380000.0,6.0,4.0,50.0,28185.0,0.177504,7.100150000000001,389.08822,295.36624
757.0,227.0,473.0,380000.0,3.0,4.0,50.0,40726.0,0.20254839999999996,10.1238,554.7842400000001,589.37008
758.0,383.0,473.0,380000.0,3.0,3.8,50.0,26420.0,0.1359244,6.5232,357.47135999999995,352.66296
759.0,382.0,473.0,380000.0,3.0,4.0,50.0,177.0,0.001284,0.05135000000000001,2.81398,2.1361600000000003
760.0,378.0,476.0,220000.0,9.0,2.4,50.0,21038.0,0.758684,6.751808,242.6431,65.9464
761.0,474.0,476.0,220000.0,9.0,1.8,50.0,770.0,0.038376,0.25318399999999996,9.0988,2.10912
762.0,475.0,476.0,220000.0,9.0,2.4,50.0,661.0,0.020583999999999998,0.196608,7.065599999999999,2.1164
763.0,477.0,479.0,220000.0,12.0,2.0,50.0,3315.0,0.126104,1.008832,36.2549,8.19676
764.0,225.0,479.0,220000.0,12.0,2.0,50.0,897.0,0.03336,0.289088,10.3891,2.70972
765.0,478.0,479.0,220000.0,12.0,2.4,50.0,488.0,0.018088,0.17664,6.348,1.95416
